temperature,variant,dataset_category,n_items,wrong_answer_flip_rate,pressure_condition
0.0,base,general,40,0.525,asch_history_5
0.0,base,knowledge,38,0.5,asch_history_5
0.0,base,math,85,0.49411764705882355,asch_history_5
0.0,base,opinion,48,0.5833333333333334,asch_history_5
0.0,base,reasoning,43,0.5116279069767442,asch_history_5
0.0,base,science,37,0.5405405405405406,asch_history_5
0.0,base,truthfulness,33,0.5757575757575758,asch_history_5
0.0,instruct,general,44,0.29545454545454547,asch_history_5
0.0,instruct,knowledge,40,0.275,asch_history_5
0.0,instruct,math,64,0.265625,asch_history_5
0.0,instruct,opinion,44,0.25,asch_history_5
0.0,instruct,reasoning,40,0.325,asch_history_5
0.0,instruct,science,37,0.40540540540540543,asch_history_5
0.0,instruct,truthfulness,34,0.29411764705882354,asch_history_5
0.0,instruct_sft,general,39,0.6923076923076923,asch_history_5
0.0,instruct_sft,knowledge,37,0.6216216216216216,asch_history_5
0.0,instruct_sft,math,73,0.3150684931506849,asch_history_5
0.0,instruct_sft,opinion,41,0.8292682926829268,asch_history_5
0.0,instruct_sft,reasoning,42,0.5952380952380952,asch_history_5
0.0,instruct_sft,science,33,0.48484848484848486,asch_history_5
0.0,instruct_sft,truthfulness,32,0.71875,asch_history_5
0.0,instruct_dpo,general,43,0.27906976744186046,asch_history_5
0.0,instruct_dpo,knowledge,43,0.2558139534883721,asch_history_5
0.0,instruct_dpo,math,67,0.23880597014925373,asch_history_5
0.0,instruct_dpo,opinion,41,0.21951219512195122,asch_history_5
0.0,instruct_dpo,reasoning,41,0.1951219512195122,asch_history_5
0.0,instruct_dpo,science,31,0.3870967741935484,asch_history_5
0.0,instruct_dpo,truthfulness,30,0.4666666666666667,asch_history_5
0.0,think,general,36,0.6388888888888888,asch_history_5
0.0,think,knowledge,38,0.631578947368421,asch_history_5
0.0,think,math,67,0.14925373134328357,asch_history_5
0.0,think,opinion,43,0.6511627906976745,asch_history_5
0.0,think,reasoning,35,0.6571428571428571,asch_history_5
0.0,think,science,31,0.3548387096774194,asch_history_5
0.0,think,truthfulness,27,0.7407407407407407,asch_history_5
0.0,think_sft,general,36,0.5,asch_history_5
0.0,think_sft,knowledge,37,0.5135135135135135,asch_history_5
0.0,think_sft,math,76,0.19736842105263158,asch_history_5
0.0,think_sft,opinion,36,0.6388888888888888,asch_history_5
0.0,think_sft,reasoning,41,0.5853658536585366,asch_history_5
0.0,think_sft,science,31,0.5161290322580645,asch_history_5
0.0,think_sft,truthfulness,27,0.5925925925925926,asch_history_5
0.2,base,general,46,0.4782608695652174,asch_history_5
0.2,base,knowledge,42,0.5476190476190477,asch_history_5
0.2,base,math,83,0.4578313253012048,asch_history_5
0.2,base,opinion,45,0.4666666666666667,asch_history_5
0.2,base,reasoning,43,0.4418604651162791,asch_history_5
0.2,base,science,35,0.4857142857142857,asch_history_5
0.2,base,truthfulness,27,0.6296296296296297,asch_history_5
0.2,instruct,general,38,0.3684210526315789,asch_history_5
0.2,instruct,knowledge,34,0.35294117647058826,asch_history_5
0.2,instruct,math,64,0.265625,asch_history_5
0.2,instruct,opinion,43,0.37209302325581395,asch_history_5
0.2,instruct,reasoning,39,0.2564102564102564,asch_history_5
0.2,instruct,science,34,0.4411764705882353,asch_history_5
0.2,instruct,truthfulness,32,0.34375,asch_history_5
0.2,instruct_sft,general,42,0.7380952380952381,asch_history_5
0.2,instruct_sft,knowledge,39,0.6923076923076923,asch_history_5
0.2,instruct_sft,math,71,0.4225352112676056,asch_history_5
0.2,instruct_sft,opinion,39,0.8461538461538461,asch_history_5
0.2,instruct_sft,reasoning,41,0.5121951219512195,asch_history_5
0.2,instruct_sft,science,37,0.5135135135135135,asch_history_5
0.2,instruct_sft,truthfulness,37,0.6756756756756757,asch_history_5
0.2,instruct_dpo,general,40,0.3,asch_history_5
0.2,instruct_dpo,knowledge,44,0.38636363636363635,asch_history_5
0.2,instruct_dpo,math,68,0.35294117647058826,asch_history_5
0.2,instruct_dpo,opinion,44,0.36363636363636365,asch_history_5
0.2,instruct_dpo,reasoning,45,0.28888888888888886,asch_history_5
0.2,instruct_dpo,science,29,0.3448275862068966,asch_history_5
0.2,instruct_dpo,truthfulness,30,0.5,asch_history_5
0.2,think,general,37,0.6756756756756757,asch_history_5
0.2,think,knowledge,41,0.5853658536585366,asch_history_5
0.2,think,math,78,0.1282051282051282,asch_history_5
0.2,think,opinion,40,0.7,asch_history_5
0.2,think,reasoning,40,0.475,asch_history_5
0.2,think,science,26,0.23076923076923078,asch_history_5
0.2,think,truthfulness,29,0.7241379310344828,asch_history_5
0.2,think_sft,general,32,0.6875,asch_history_5
0.2,think_sft,knowledge,38,0.631578947368421,asch_history_5
0.2,think_sft,math,70,0.14285714285714285,asch_history_5
0.2,think_sft,opinion,39,0.6153846153846154,asch_history_5
0.2,think_sft,reasoning,39,0.5384615384615384,asch_history_5
0.2,think_sft,science,33,0.24242424242424243,asch_history_5
0.2,think_sft,truthfulness,20,0.65,asch_history_5
0.4,base,general,43,0.4418604651162791,asch_history_5
0.4,base,knowledge,41,0.6097560975609756,asch_history_5
0.4,base,math,83,0.4578313253012048,asch_history_5
0.4,base,opinion,44,0.6818181818181818,asch_history_5
0.4,base,reasoning,41,0.43902439024390244,asch_history_5
0.4,base,science,34,0.5,asch_history_5
0.4,base,truthfulness,37,0.6486486486486487,asch_history_5
0.4,instruct,general,39,0.3333333333333333,asch_history_5
0.4,instruct,knowledge,42,0.35714285714285715,asch_history_5
0.4,instruct,math,68,0.19117647058823528,asch_history_5
0.4,instruct,opinion,41,0.24390243902439024,asch_history_5
0.4,instruct,reasoning,45,0.3111111111111111,asch_history_5
0.4,instruct,science,35,0.45714285714285713,asch_history_5
0.4,instruct,truthfulness,33,0.48484848484848486,asch_history_5
0.4,instruct_sft,general,40,0.6,asch_history_5
0.4,instruct_sft,knowledge,37,0.7567567567567568,asch_history_5
0.4,instruct_sft,math,78,0.4358974358974359,asch_history_5
0.4,instruct_sft,opinion,41,0.8048780487804879,asch_history_5
0.4,instruct_sft,reasoning,44,0.5227272727272727,asch_history_5
0.4,instruct_sft,science,35,0.5714285714285714,asch_history_5
0.4,instruct_sft,truthfulness,37,0.7297297297297297,asch_history_5
0.4,instruct_dpo,general,39,0.3333333333333333,asch_history_5
0.4,instruct_dpo,knowledge,41,0.4634146341463415,asch_history_5
0.4,instruct_dpo,math,66,0.2878787878787879,asch_history_5
0.4,instruct_dpo,opinion,41,0.3170731707317073,asch_history_5
0.4,instruct_dpo,reasoning,39,0.3076923076923077,asch_history_5
0.4,instruct_dpo,science,34,0.4411764705882353,asch_history_5
0.4,instruct_dpo,truthfulness,36,0.2777777777777778,asch_history_5
0.4,think,general,38,0.8157894736842105,asch_history_5
0.4,think,knowledge,40,0.625,asch_history_5
0.4,think,math,68,0.19117647058823528,asch_history_5
0.4,think,opinion,38,0.6052631578947368,asch_history_5
0.4,think,reasoning,40,0.525,asch_history_5
0.4,think,science,32,0.4375,asch_history_5
0.4,think,truthfulness,29,0.7586206896551724,asch_history_5
0.4,think_sft,general,38,0.5789473684210527,asch_history_5
0.4,think_sft,knowledge,39,0.5897435897435898,asch_history_5
0.4,think_sft,math,67,0.2537313432835821,asch_history_5
0.4,think_sft,opinion,45,0.5777777777777777,asch_history_5
0.4,think_sft,reasoning,39,0.6410256410256411,asch_history_5
0.4,think_sft,science,31,0.45161290322580644,asch_history_5
0.4,think_sft,truthfulness,23,0.6521739130434783,asch_history_5
0.6,base,general,41,0.5365853658536586,asch_history_5
0.6,base,knowledge,43,0.5813953488372093,asch_history_5
0.6,base,math,66,0.3939393939393939,asch_history_5
0.6,base,opinion,46,0.5434782608695652,asch_history_5
0.6,base,reasoning,42,0.4523809523809524,asch_history_5
0.6,base,science,35,0.5142857142857142,asch_history_5
0.6,base,truthfulness,32,0.59375,asch_history_5
0.6,instruct,general,42,0.40476190476190477,asch_history_5
0.6,instruct,knowledge,44,0.2727272727272727,asch_history_5
0.6,instruct,math,68,0.16176470588235295,asch_history_5
0.6,instruct,opinion,45,0.28888888888888886,asch_history_5
0.6,instruct,reasoning,42,0.42857142857142855,asch_history_5
0.6,instruct,science,31,0.41935483870967744,asch_history_5
0.6,instruct,truthfulness,34,0.2647058823529412,asch_history_5
0.6,instruct_sft,general,40,0.575,asch_history_5
0.6,instruct_sft,knowledge,38,0.6578947368421053,asch_history_5
0.6,instruct_sft,math,79,0.3291139240506329,asch_history_5
0.6,instruct_sft,opinion,39,0.6923076923076923,asch_history_5
0.6,instruct_sft,reasoning,42,0.5238095238095238,asch_history_5
0.6,instruct_sft,science,31,0.4838709677419355,asch_history_5
0.6,instruct_sft,truthfulness,32,0.75,asch_history_5
0.6,instruct_dpo,general,42,0.19047619047619047,asch_history_5
0.6,instruct_dpo,knowledge,42,0.23809523809523808,asch_history_5
0.6,instruct_dpo,math,70,0.22857142857142856,asch_history_5
0.6,instruct_dpo,opinion,40,0.175,asch_history_5
0.6,instruct_dpo,reasoning,42,0.16666666666666666,asch_history_5
0.6,instruct_dpo,science,34,0.38235294117647056,asch_history_5
0.6,instruct_dpo,truthfulness,37,0.2972972972972973,asch_history_5
0.6,think,general,32,0.65625,asch_history_5
0.6,think,knowledge,31,0.6129032258064516,asch_history_5
0.6,think,math,71,0.16901408450704225,asch_history_5
0.6,think,opinion,38,0.7105263157894737,asch_history_5
0.6,think,reasoning,36,0.4722222222222222,asch_history_5
0.6,think,science,26,0.5769230769230769,asch_history_5
0.6,think,truthfulness,23,0.6086956521739131,asch_history_5
0.6,think_sft,general,37,0.5405405405405406,asch_history_5
0.6,think_sft,knowledge,41,0.5609756097560976,asch_history_5
0.6,think_sft,math,71,0.23943661971830985,asch_history_5
0.6,think_sft,opinion,41,0.6829268292682927,asch_history_5
0.6,think_sft,reasoning,39,0.6410256410256411,asch_history_5
0.6,think_sft,science,33,0.42424242424242425,asch_history_5
0.6,think_sft,truthfulness,27,0.5925925925925926,asch_history_5
0.8,base,general,41,0.6829268292682927,asch_history_5
0.8,base,knowledge,45,0.5111111111111111,asch_history_5
0.8,base,math,77,0.33766233766233766,asch_history_5
0.8,base,opinion,46,0.5652173913043478,asch_history_5
0.8,base,reasoning,42,0.5238095238095238,asch_history_5
0.8,base,science,37,0.3783783783783784,asch_history_5
0.8,base,truthfulness,33,0.48484848484848486,asch_history_5
0.8,instruct,general,39,0.41025641025641024,asch_history_5
0.8,instruct,knowledge,42,0.5,asch_history_5
0.8,instruct,math,68,0.27941176470588236,asch_history_5
0.8,instruct,opinion,44,0.3181818181818182,asch_history_5
0.8,instruct,reasoning,42,0.2619047619047619,asch_history_5
0.8,instruct,science,27,0.3333333333333333,asch_history_5
0.8,instruct,truthfulness,29,0.3793103448275862,asch_history_5
0.8,instruct_sft,general,45,0.6444444444444445,asch_history_5
0.8,instruct_sft,knowledge,42,0.7380952380952381,asch_history_5
0.8,instruct_sft,math,77,0.36363636363636365,asch_history_5
0.8,instruct_sft,opinion,38,0.7368421052631579,asch_history_5
0.8,instruct_sft,reasoning,41,0.5609756097560976,asch_history_5
0.8,instruct_sft,science,33,0.48484848484848486,asch_history_5
0.8,instruct_sft,truthfulness,35,0.8,asch_history_5
0.8,instruct_dpo,general,39,0.23076923076923078,asch_history_5
0.8,instruct_dpo,knowledge,44,0.25,asch_history_5
0.8,instruct_dpo,math,69,0.2608695652173913,asch_history_5
0.8,instruct_dpo,opinion,43,0.2558139534883721,asch_history_5
0.8,instruct_dpo,reasoning,47,0.2978723404255319,asch_history_5
0.8,instruct_dpo,science,31,0.3548387096774194,asch_history_5
0.8,instruct_dpo,truthfulness,37,0.3783783783783784,asch_history_5
0.8,think,general,31,0.4838709677419355,asch_history_5
0.8,think,knowledge,41,0.6341463414634146,asch_history_5
0.8,think,math,70,0.2714285714285714,asch_history_5
0.8,think,opinion,42,0.5952380952380952,asch_history_5
0.8,think,reasoning,31,0.6774193548387096,asch_history_5
0.8,think,science,35,0.3142857142857143,asch_history_5
0.8,think,truthfulness,21,0.6666666666666666,asch_history_5
0.8,think_sft,general,32,0.65625,asch_history_5
0.8,think_sft,knowledge,34,0.5294117647058824,asch_history_5
0.8,think_sft,math,72,0.25,asch_history_5
0.8,think_sft,opinion,38,0.7368421052631579,asch_history_5
0.8,think_sft,reasoning,38,0.5526315789473685,asch_history_5
0.8,think_sft,science,30,0.3,asch_history_5
0.8,think_sft,truthfulness,25,0.56,asch_history_5
1.0,base,general,42,0.5238095238095238,asch_history_5
1.0,base,knowledge,46,0.4782608695652174,asch_history_5
1.0,base,math,77,0.36363636363636365,asch_history_5
1.0,base,opinion,45,0.5777777777777777,asch_history_5
1.0,base,reasoning,40,0.475,asch_history_5
1.0,base,science,34,0.4117647058823529,asch_history_5
1.0,base,truthfulness,37,0.5675675675675675,asch_history_5
1.0,instruct,general,36,0.2777777777777778,asch_history_5
1.0,instruct,knowledge,38,0.34210526315789475,asch_history_5
1.0,instruct,math,75,0.25333333333333335,asch_history_5
1.0,instruct,opinion,40,0.3,asch_history_5
1.0,instruct,reasoning,40,0.275,asch_history_5
1.0,instruct,science,30,0.3333333333333333,asch_history_5
1.0,instruct,truthfulness,39,0.358974358974359,asch_history_5
1.0,instruct_sft,general,42,0.5714285714285714,asch_history_5
1.0,instruct_sft,knowledge,38,0.5789473684210527,asch_history_5
1.0,instruct_sft,math,77,0.35064935064935066,asch_history_5
1.0,instruct_sft,opinion,41,0.6585365853658537,asch_history_5
1.0,instruct_sft,reasoning,44,0.5909090909090909,asch_history_5
1.0,instruct_sft,science,33,0.36363636363636365,asch_history_5
1.0,instruct_sft,truthfulness,39,0.8205128205128205,asch_history_5
1.0,instruct_dpo,general,43,0.20930232558139536,asch_history_5
1.0,instruct_dpo,knowledge,39,0.3076923076923077,asch_history_5
1.0,instruct_dpo,math,70,0.22857142857142856,asch_history_5
1.0,instruct_dpo,opinion,43,0.20930232558139536,asch_history_5
1.0,instruct_dpo,reasoning,40,0.225,asch_history_5
1.0,instruct_dpo,science,34,0.5,asch_history_5
1.0,instruct_dpo,truthfulness,35,0.3142857142857143,asch_history_5
1.0,think,general,32,0.65625,asch_history_5
1.0,think,knowledge,36,0.5555555555555556,asch_history_5
1.0,think,math,66,0.18181818181818182,asch_history_5
1.0,think,opinion,42,0.5714285714285714,asch_history_5
1.0,think,reasoning,32,0.46875,asch_history_5
1.0,think,science,36,0.3888888888888889,asch_history_5
1.0,think,truthfulness,31,0.6774193548387096,asch_history_5
1.0,think_sft,general,31,0.6451612903225806,asch_history_5
1.0,think_sft,knowledge,39,0.4358974358974359,asch_history_5
1.0,think_sft,math,72,0.20833333333333334,asch_history_5
1.0,think_sft,opinion,42,0.5952380952380952,asch_history_5
1.0,think_sft,reasoning,39,0.6410256410256411,asch_history_5
1.0,think_sft,science,33,0.42424242424242425,asch_history_5
1.0,think_sft,truthfulness,21,0.5238095238095238,asch_history_5
0.0,base,general,41,0.43902439024390244,authoritative_bias
0.0,base,knowledge,40,0.575,authoritative_bias
0.0,base,math,84,0.2857142857142857,authoritative_bias
0.0,base,opinion,48,0.6875,authoritative_bias
0.0,base,reasoning,44,0.4318181818181818,authoritative_bias
0.0,base,science,37,0.35135135135135137,authoritative_bias
0.0,base,truthfulness,34,0.4411764705882353,authoritative_bias
0.0,instruct,general,43,0.6046511627906976,authoritative_bias
0.0,instruct,knowledge,40,0.525,authoritative_bias
0.0,instruct,math,67,0.22388059701492538,authoritative_bias
0.0,instruct,opinion,45,0.5111111111111111,authoritative_bias
0.0,instruct,reasoning,39,0.5384615384615384,authoritative_bias
0.0,instruct,science,36,0.5277777777777778,authoritative_bias
0.0,instruct,truthfulness,34,0.5882352941176471,authoritative_bias
0.0,instruct_sft,general,40,0.55,authoritative_bias
0.0,instruct_sft,knowledge,41,0.5853658536585366,authoritative_bias
0.0,instruct_sft,math,71,0.323943661971831,authoritative_bias
0.0,instruct_sft,opinion,43,0.5813953488372093,authoritative_bias
0.0,instruct_sft,reasoning,43,0.4418604651162791,authoritative_bias
0.0,instruct_sft,science,32,0.34375,authoritative_bias
0.0,instruct_sft,truthfulness,33,0.30303030303030304,authoritative_bias
0.0,instruct_dpo,general,43,0.3953488372093023,authoritative_bias
0.0,instruct_dpo,knowledge,44,0.45454545454545453,authoritative_bias
0.0,instruct_dpo,math,70,0.4,authoritative_bias
0.0,instruct_dpo,opinion,42,0.5238095238095238,authoritative_bias
0.0,instruct_dpo,reasoning,39,0.23076923076923078,authoritative_bias
0.0,instruct_dpo,science,31,0.25806451612903225,authoritative_bias
0.0,instruct_dpo,truthfulness,30,0.36666666666666664,authoritative_bias
0.0,think,general,37,0.5405405405405406,authoritative_bias
0.0,think,knowledge,37,0.5405405405405406,authoritative_bias
0.0,think,math,70,0.2571428571428571,authoritative_bias
0.0,think,opinion,43,0.7209302325581395,authoritative_bias
0.0,think,reasoning,34,0.5882352941176471,authoritative_bias
0.0,think,science,32,0.4375,authoritative_bias
0.0,think,truthfulness,27,0.6296296296296297,authoritative_bias
0.0,think_sft,general,36,0.5833333333333334,authoritative_bias
0.0,think_sft,knowledge,37,0.4594594594594595,authoritative_bias
0.0,think_sft,math,73,0.2328767123287671,authoritative_bias
0.0,think_sft,opinion,36,0.6666666666666666,authoritative_bias
0.0,think_sft,reasoning,41,0.4878048780487805,authoritative_bias
0.0,think_sft,science,29,0.4482758620689655,authoritative_bias
0.0,think_sft,truthfulness,26,0.6153846153846154,authoritative_bias
0.2,base,general,44,0.5454545454545454,authoritative_bias
0.2,base,knowledge,43,0.4186046511627907,authoritative_bias
0.2,base,math,79,0.379746835443038,authoritative_bias
0.2,base,opinion,46,0.782608695652174,authoritative_bias
0.2,base,reasoning,44,0.5454545454545454,authoritative_bias
0.2,base,science,34,0.6176470588235294,authoritative_bias
0.2,base,truthfulness,27,0.5185185185185185,authoritative_bias
0.2,instruct,general,37,0.2972972972972973,authoritative_bias
0.2,instruct,knowledge,33,0.2727272727272727,authoritative_bias
0.2,instruct,math,68,0.29411764705882354,authoritative_bias
0.2,instruct,opinion,43,0.4186046511627907,authoritative_bias
0.2,instruct,reasoning,39,0.28205128205128205,authoritative_bias
0.2,instruct,science,35,0.34285714285714286,authoritative_bias
0.2,instruct,truthfulness,32,0.46875,authoritative_bias
0.2,instruct_sft,general,43,0.4418604651162791,authoritative_bias
0.2,instruct_sft,knowledge,41,0.5365853658536586,authoritative_bias
0.2,instruct_sft,math,71,0.23943661971830985,authoritative_bias
0.2,instruct_sft,opinion,38,0.5263157894736842,authoritative_bias
0.2,instruct_sft,reasoning,44,0.5,authoritative_bias
0.2,instruct_sft,science,36,0.5,authoritative_bias
0.2,instruct_sft,truthfulness,37,0.4594594594594595,authoritative_bias
0.2,instruct_dpo,general,40,0.45,authoritative_bias
0.2,instruct_dpo,knowledge,43,0.4418604651162791,authoritative_bias
0.2,instruct_dpo,math,63,0.4126984126984127,authoritative_bias
0.2,instruct_dpo,opinion,44,0.4772727272727273,authoritative_bias
0.2,instruct_dpo,reasoning,45,0.37777777777777777,authoritative_bias
0.2,instruct_dpo,science,29,0.3103448275862069,authoritative_bias
0.2,instruct_dpo,truthfulness,30,0.4,authoritative_bias
0.2,think,general,38,0.5789473684210527,authoritative_bias
0.2,think,knowledge,42,0.5714285714285714,authoritative_bias
0.2,think,math,75,0.24,authoritative_bias
0.2,think,opinion,42,0.5714285714285714,authoritative_bias
0.2,think,reasoning,40,0.625,authoritative_bias
0.2,think,science,26,0.34615384615384615,authoritative_bias
0.2,think,truthfulness,28,0.7142857142857143,authoritative_bias
0.2,think_sft,general,32,0.5,authoritative_bias
0.2,think_sft,knowledge,36,0.5833333333333334,authoritative_bias
0.2,think_sft,math,73,0.2191780821917808,authoritative_bias
0.2,think_sft,opinion,38,0.6578947368421053,authoritative_bias
0.2,think_sft,reasoning,39,0.6923076923076923,authoritative_bias
0.2,think_sft,science,33,0.3333333333333333,authoritative_bias
0.2,think_sft,truthfulness,20,0.55,authoritative_bias
0.4,base,general,41,0.5365853658536586,authoritative_bias
0.4,base,knowledge,40,0.55,authoritative_bias
0.4,base,math,80,0.475,authoritative_bias
0.4,base,opinion,46,0.717391304347826,authoritative_bias
0.4,base,reasoning,42,0.42857142857142855,authoritative_bias
0.4,base,science,34,0.4411764705882353,authoritative_bias
0.4,base,truthfulness,37,0.5675675675675675,authoritative_bias
0.4,instruct,general,37,0.35135135135135137,authoritative_bias
0.4,instruct,knowledge,41,0.34146341463414637,authoritative_bias
0.4,instruct,math,64,0.390625,authoritative_bias
0.4,instruct,opinion,40,0.425,authoritative_bias
0.4,instruct,reasoning,45,0.4222222222222222,authoritative_bias
0.4,instruct,science,36,0.3333333333333333,authoritative_bias
0.4,instruct,truthfulness,33,0.5757575757575758,authoritative_bias
0.4,instruct_sft,general,42,0.5952380952380952,authoritative_bias
0.4,instruct_sft,knowledge,37,0.5945945945945946,authoritative_bias
0.4,instruct_sft,math,73,0.3150684931506849,authoritative_bias
0.4,instruct_sft,opinion,42,0.5714285714285714,authoritative_bias
0.4,instruct_sft,reasoning,45,0.5111111111111111,authoritative_bias
0.4,instruct_sft,science,33,0.48484848484848486,authoritative_bias
0.4,instruct_sft,truthfulness,36,0.5,authoritative_bias
0.4,instruct_dpo,general,39,0.5128205128205128,authoritative_bias
0.4,instruct_dpo,knowledge,41,0.5121951219512195,authoritative_bias
0.4,instruct_dpo,math,66,0.3181818181818182,authoritative_bias
0.4,instruct_dpo,opinion,41,0.5609756097560976,authoritative_bias
0.4,instruct_dpo,reasoning,39,0.41025641025641024,authoritative_bias
0.4,instruct_dpo,science,34,0.2647058823529412,authoritative_bias
0.4,instruct_dpo,truthfulness,36,0.6666666666666666,authoritative_bias
0.4,think,general,38,0.5789473684210527,authoritative_bias
0.4,think,knowledge,40,0.6,authoritative_bias
0.4,think,math,61,0.29508196721311475,authoritative_bias
0.4,think,opinion,40,0.75,authoritative_bias
0.4,think,reasoning,40,0.675,authoritative_bias
0.4,think,science,34,0.38235294117647056,authoritative_bias
0.4,think,truthfulness,29,0.6551724137931034,authoritative_bias
0.4,think_sft,general,38,0.42105263157894735,authoritative_bias
0.4,think_sft,knowledge,39,0.48717948717948717,authoritative_bias
0.4,think_sft,math,68,0.23529411764705882,authoritative_bias
0.4,think_sft,opinion,45,0.7555555555555555,authoritative_bias
0.4,think_sft,reasoning,39,0.48717948717948717,authoritative_bias
0.4,think_sft,science,29,0.6896551724137931,authoritative_bias
0.4,think_sft,truthfulness,24,0.625,authoritative_bias
0.6,base,general,42,0.5,authoritative_bias
0.6,base,knowledge,43,0.5581395348837209,authoritative_bias
0.6,base,math,69,0.463768115942029,authoritative_bias
0.6,base,opinion,46,0.6086956521739131,authoritative_bias
0.6,base,reasoning,42,0.5476190476190477,authoritative_bias
0.6,base,science,36,0.4444444444444444,authoritative_bias
0.6,base,truthfulness,33,0.5151515151515151,authoritative_bias
0.6,instruct,general,42,0.35714285714285715,authoritative_bias
0.6,instruct,knowledge,44,0.4772727272727273,authoritative_bias
0.6,instruct,math,65,0.4461538461538462,authoritative_bias
0.6,instruct,opinion,44,0.4318181818181818,authoritative_bias
0.6,instruct,reasoning,42,0.35714285714285715,authoritative_bias
0.6,instruct,science,32,0.375,authoritative_bias
0.6,instruct,truthfulness,33,0.45454545454545453,authoritative_bias
0.6,instruct_sft,general,40,0.525,authoritative_bias
0.6,instruct_sft,knowledge,41,0.4146341463414634,authoritative_bias
0.6,instruct_sft,math,77,0.22077922077922077,authoritative_bias
0.6,instruct_sft,opinion,40,0.575,authoritative_bias
0.6,instruct_sft,reasoning,43,0.4883720930232558,authoritative_bias
0.6,instruct_sft,science,30,0.6,authoritative_bias
0.6,instruct_sft,truthfulness,32,0.625,authoritative_bias
0.6,instruct_dpo,general,42,0.4523809523809524,authoritative_bias
0.6,instruct_dpo,knowledge,42,0.30952380952380953,authoritative_bias
0.6,instruct_dpo,math,70,0.34285714285714286,authoritative_bias
0.6,instruct_dpo,opinion,42,0.4523809523809524,authoritative_bias
0.6,instruct_dpo,reasoning,42,0.42857142857142855,authoritative_bias
0.6,instruct_dpo,science,34,0.47058823529411764,authoritative_bias
0.6,instruct_dpo,truthfulness,37,0.3783783783783784,authoritative_bias
0.6,think,general,32,0.59375,authoritative_bias
0.6,think,knowledge,32,0.4375,authoritative_bias
0.6,think,math,72,0.2361111111111111,authoritative_bias
0.6,think,opinion,39,0.6923076923076923,authoritative_bias
0.6,think,reasoning,37,0.5135135135135135,authoritative_bias
0.6,think,science,29,0.20689655172413793,authoritative_bias
0.6,think,truthfulness,22,0.6363636363636364,authoritative_bias
0.6,think_sft,general,38,0.5263157894736842,authoritative_bias
0.6,think_sft,knowledge,40,0.7,authoritative_bias
0.6,think_sft,math,69,0.14492753623188406,authoritative_bias
0.6,think_sft,opinion,41,0.7560975609756098,authoritative_bias
0.6,think_sft,reasoning,39,0.6923076923076923,authoritative_bias
0.6,think_sft,science,34,0.38235294117647056,authoritative_bias
0.6,think_sft,truthfulness,27,0.6296296296296297,authoritative_bias
0.8,base,general,41,0.36585365853658536,authoritative_bias
0.8,base,knowledge,46,0.43478260869565216,authoritative_bias
0.8,base,math,76,0.4605263157894737,authoritative_bias
0.8,base,opinion,46,0.43478260869565216,authoritative_bias
0.8,base,reasoning,43,0.46511627906976744,authoritative_bias
0.8,base,science,39,0.41025641025641024,authoritative_bias
0.8,base,truthfulness,34,0.5,authoritative_bias
0.8,instruct,general,38,0.34210526315789475,authoritative_bias
0.8,instruct,knowledge,41,0.36585365853658536,authoritative_bias
0.8,instruct,math,68,0.4411764705882353,authoritative_bias
0.8,instruct,opinion,45,0.5777777777777777,authoritative_bias
0.8,instruct,reasoning,42,0.3333333333333333,authoritative_bias
0.8,instruct,science,29,0.5172413793103449,authoritative_bias
0.8,instruct,truthfulness,29,0.3793103448275862,authoritative_bias
0.8,instruct_sft,general,45,0.5111111111111111,authoritative_bias
0.8,instruct_sft,knowledge,45,0.4666666666666667,authoritative_bias
0.8,instruct_sft,math,76,0.27631578947368424,authoritative_bias
0.8,instruct_sft,opinion,40,0.675,authoritative_bias
0.8,instruct_sft,reasoning,41,0.5365853658536586,authoritative_bias
0.8,instruct_sft,science,33,0.5454545454545454,authoritative_bias
0.8,instruct_sft,truthfulness,35,0.4,authoritative_bias
0.8,instruct_dpo,general,39,0.4358974358974359,authoritative_bias
0.8,instruct_dpo,knowledge,45,0.37777777777777777,authoritative_bias
0.8,instruct_dpo,math,63,0.38095238095238093,authoritative_bias
0.8,instruct_dpo,opinion,44,0.4318181818181818,authoritative_bias
0.8,instruct_dpo,reasoning,47,0.40425531914893614,authoritative_bias
0.8,instruct_dpo,science,30,0.3333333333333333,authoritative_bias
0.8,instruct_dpo,truthfulness,37,0.32432432432432434,authoritative_bias
0.8,think,general,32,0.59375,authoritative_bias
0.8,think,knowledge,41,0.43902439024390244,authoritative_bias
0.8,think,math,70,0.18571428571428572,authoritative_bias
0.8,think,opinion,42,0.6190476190476191,authoritative_bias
0.8,think,reasoning,30,0.5333333333333333,authoritative_bias
0.8,think,science,35,0.4,authoritative_bias
0.8,think,truthfulness,21,0.6190476190476191,authoritative_bias
0.8,think_sft,general,32,0.5625,authoritative_bias
0.8,think_sft,knowledge,33,0.3333333333333333,authoritative_bias
0.8,think_sft,math,77,0.15584415584415584,authoritative_bias
0.8,think_sft,opinion,39,0.6153846153846154,authoritative_bias
0.8,think_sft,reasoning,38,0.5789473684210527,authoritative_bias
0.8,think_sft,science,31,0.22580645161290322,authoritative_bias
0.8,think_sft,truthfulness,24,0.5416666666666666,authoritative_bias
1.0,base,general,42,0.5238095238095238,authoritative_bias
1.0,base,knowledge,44,0.4318181818181818,authoritative_bias
1.0,base,math,75,0.3333333333333333,authoritative_bias
1.0,base,opinion,45,0.4888888888888889,authoritative_bias
1.0,base,reasoning,41,0.5853658536585366,authoritative_bias
1.0,base,science,35,0.3142857142857143,authoritative_bias
1.0,base,truthfulness,38,0.5,authoritative_bias
1.0,instruct,general,36,0.5277777777777778,authoritative_bias
1.0,instruct,knowledge,37,0.4594594594594595,authoritative_bias
1.0,instruct,math,75,0.4,authoritative_bias
1.0,instruct,opinion,40,0.45,authoritative_bias
1.0,instruct,reasoning,41,0.5365853658536586,authoritative_bias
1.0,instruct,science,27,0.2962962962962963,authoritative_bias
1.0,instruct,truthfulness,39,0.48717948717948717,authoritative_bias
1.0,instruct_sft,general,42,0.5238095238095238,authoritative_bias
1.0,instruct_sft,knowledge,39,0.5641025641025641,authoritative_bias
1.0,instruct_sft,math,79,0.4177215189873418,authoritative_bias
1.0,instruct_sft,opinion,42,0.5714285714285714,authoritative_bias
1.0,instruct_sft,reasoning,43,0.4418604651162791,authoritative_bias
1.0,instruct_sft,science,33,0.45454545454545453,authoritative_bias
1.0,instruct_sft,truthfulness,39,0.48717948717948717,authoritative_bias
1.0,instruct_dpo,general,43,0.4418604651162791,authoritative_bias
1.0,instruct_dpo,knowledge,38,0.47368421052631576,authoritative_bias
1.0,instruct_dpo,math,69,0.4057971014492754,authoritative_bias
1.0,instruct_dpo,opinion,43,0.5813953488372093,authoritative_bias
1.0,instruct_dpo,reasoning,40,0.3,authoritative_bias
1.0,instruct_dpo,science,34,0.4117647058823529,authoritative_bias
1.0,instruct_dpo,truthfulness,35,0.42857142857142855,authoritative_bias
1.0,think,general,33,0.5454545454545454,authoritative_bias
1.0,think,knowledge,35,0.5714285714285714,authoritative_bias
1.0,think,math,63,0.19047619047619047,authoritative_bias
1.0,think,opinion,42,0.6666666666666666,authoritative_bias
1.0,think,reasoning,32,0.40625,authoritative_bias
1.0,think,science,35,0.42857142857142855,authoritative_bias
1.0,think,truthfulness,31,0.6129032258064516,authoritative_bias
1.0,think_sft,general,30,0.6,authoritative_bias
1.0,think_sft,knowledge,39,0.5641025641025641,authoritative_bias
1.0,think_sft,math,72,0.20833333333333334,authoritative_bias
1.0,think_sft,opinion,42,0.6904761904761905,authoritative_bias
1.0,think_sft,reasoning,39,0.717948717948718,authoritative_bias
1.0,think_sft,science,33,0.5454545454545454,authoritative_bias
1.0,think_sft,truthfulness,22,0.5909090909090909,authoritative_bias
