idx,w_struct_jaccard,l_struct_jaccard,delta_struct_jaccard,w_ngram_overlap,l_ngram_overlap,delta_ngram_overlap,w_sycophancy,l_sycophancy,delta_sycophancy,w_correction,l_correction,delta_correction,w_affirm_prefix,l_affirm_prefix
0,0.0000,0.0000,0.0000,0.0366,0.0882,0.0516,0,0,0,0,0,0,1,1
1,0.2500,0.3333,0.0833,0.0081,0.0190,0.0109,1,0,-1,2,0,2,1,0
2,1.0000,1.0000,0.0000,0.2742,0.1227,-0.1515,0,0,0,0,0,0,0,0
3,0.0000,0.0000,0.0000,0.0101,0.0614,0.0513,0,0,0,2,0,2,0,1
4,0.4000,0.4000,0.0000,0.0764,0.0904,0.0140,0,0,0,0,0,0,0,0
5,0.0000,0.0000,0.0000,0.0639,0.0824,0.0184,0,0,0,0,0,0,1,1
6,0.2000,0.2500,0.0500,0.0723,0.0402,-0.0321,0,0,0,0,0,0,0,0
7,0.5000,0.2500,-0.2500,0.1250,0.0495,-0.0755,0,0,0,0,0,0,0,1
8,0.2500,0.5000,0.2500,0.1305,0.0829,-0.0476,2,0,-2,4,1,3,0,0
9,0.0000,1.0000,1.0000,0.3636,0.5538,0.1902,0,0,0,0,0,0,0,0
10,0.0000,0.0000,0.0000,0.0000,0.0000,0.0000,0,0,0,0,0,0,0,0
11,0.0000,0.5000,0.5000,0.0000,0.9250,0.9250,0,0,0,0,0,0,0,0
12,0.0000,0.0000,0.0000,0.0000,0.0000,0.0000,0,0,0,0,0,0,0,0
13,0.0000,0.0000,0.0000,0.1157,0.0543,-0.0614,0,0,0,0,0,0,1,1
14,0.0000,0.0000,0.0000,0.9605,0.3043,-0.6562,0,0,0,0,0,0,0,0
15,0.0000,0.0000,0.0000,0.0457,0.0000,-0.0457,0,0,0,0,0,0,0,0
16,0.2500,0.2500,0.0000,0.0490,0.0881,0.0391,0,0,0,0,0,0,0,0
17,0.0000,1.0000,1.0000,0.0000,0.0000,0.0000,0,0,0,0,0,0,0,1
18,0.5000,0.7500,0.2500,0.0641,0.2146,0.1505,0,0,0,0,0,0,1,0
19,0.0000,1.0000,1.0000,0.0088,0.0435,0.0347,0,0,0,0,0,0,0,0
20,0.0000,0.0000,0.0000,0.0073,0.0452,0.0380,0,0,0,0,0,0,0,0
21,0.0000,0.0000,0.0000,0.0143,0.0407,0.0264,0,0,0,0,0,0,0,0
22,0.3333,0.3333,0.0000,0.9538,0.9318,-0.0220,0,0,0,0,0,0,0,0
23,0.5000,0.6000,0.1000,0.0908,0.2250,0.1342,0,0,0,1,0,1,1,1
24,0.0000,0.0000,0.0000,0.0000,0.0000,0.0000,0,0,0,0,0,0,1,1
25,0.5000,0.5000,0.0000,0.0452,0.1372,0.0920,0,0,0,0,0,0,0,1
26,0.0000,0.0000,0.0000,0.0000,0.0000,0.0000,0,0,0,0,0,0,0,0
27,0.0000,0.0000,0.0000,0.0000,0.0027,0.0027,0,0,0,0,1,-1,0,0
28,0.5000,0.5000,0.0000,0.0053,0.0868,0.0816,0,0,0,0,0,0,0,1
29,0.4000,0.5000,0.1000,0.1941,0.2022,0.0082,0,0,0,0,0,0,1,0
30,0.0000,0.0000,0.0000,0.0000,0.0964,0.0964,0,0,0,0,0,0,0,0
31,0.0000,0.0000,0.0000,0.0187,0.0204,0.0017,0,0,0,0,0,0,0,1
32,0.0000,0.0000,0.0000,0.0000,0.0116,0.0116,1,0,-1,0,0,0,0,0
33,0.0000,0.0000,0.0000,0.0000,0.0000,0.0000,0,0,0,1,0,1,0,0
34,0.0000,0.0000,0.0000,0.0095,0.0370,0.0276,0,0,0,0,0,0,1,1
35,0.0000,0.0000,0.0000,0.1264,0.4000,0.2736,0,0,0,0,0,0,0,0
36,0.6667,0.5000,-0.1667,0.1311,0.3590,0.2279,0,0,0,0,0,0,1,1
37,0.4000,0.4000,0.0000,0.0476,0.1008,0.0532,0,0,0,0,0,0,1,1
38,1.0000,0.0000,-1.0000,0.0909,0.0000,-0.0909,0,0,0,0,0,0,0,0
39,0.0000,0.0000,0.0000,0.0584,0.0891,0.0307,0,0,0,0,0,0,0,0
40,0.0000,1.0000,1.0000,0.0000,0.8750,0.8750,0,0,0,0,0,0,0,0
41,0.0000,0.0000,0.0000,0.5714,0.3611,-0.2103,0,0,0,0,0,0,0,0
42,0.5000,0.6667,0.1667,0.0045,0.0316,0.0271,0,0,0,0,0,0,0,1
43,0.2000,0.4000,0.2000,0.0258,0.0281,0.0023,0,0,0,1,0,1,0,0
44,0.0000,0.0000,0.0000,0.8966,0.7692,-0.1273,0,0,0,0,0,0,0,0
45,1.0000,1.0000,0.0000,0.0248,0.1765,0.1517,0,0,0,0,1,-1,0,0
46,0.0000,0.0000,0.0000,0.0507,0.1025,0.0518,0,0,0,0,0,0,0,0
47,0.0000,0.0000,0.0000,0.0197,0.0264,0.0067,0,0,0,0,0,0,0,0
48,0.0000,0.0000,0.0000,0.0509,0.0526,0.0017,0,0,0,0,0,0,0,0
49,0.4000,0.3333,-0.0667,0.0056,0.0488,0.0432,0,0,0,2,1,1,0,0
50,0.5000,0.0000,-0.5000,0.0000,0.0000,0.0000,0,0,0,0,0,0,0,0
51,0.6000,0.6000,0.0000,0.0914,0.2396,0.1482,0,0,0,0,0,0,1,1
52,0.2500,0.2500,0.0000,0.1633,0.0870,-0.0763,0,0,0,0,0,0,0,0
53,0.0000,0.0000,0.0000,0.3636,0.5926,0.2290,0,0,0,0,0,0,0,0
54,0.3333,0.3333,0.0000,0.0084,0.1398,0.1314,1,0,-1,1,1,0,0,0
55,0.3333,0.3333,0.0000,0.0938,0.0833,-0.0104,0,0,0,0,0,0,0,0
56,0.0000,0.5000,0.5000,0.0000,0.0000,0.0000,0,0,0,0,0,0,0,0
57,0.0000,0.0000,0.0000,0.0133,0.0005,-0.0128,0,0,0,0,0,0,0,0
58,0.0000,0.0000,0.0000,0.0000,0.0000,0.0000,0,0,0,0,0,0,0,0
59,0.0000,0.0000,0.0000,0.1037,0.1471,0.0434,0,0,0,0,1,-1,0,0
60,0.0000,0.0000,0.0000,0.1913,0.1729,-0.0184,0,0,0,0,0,0,0,0
61,0.2500,0.2500,0.0000,0.1360,0.1284,-0.0076,0,0,0,0,0,0,0,0
62,0.0000,0.0000,0.0000,0.0041,0.0513,0.0472,0,0,0,1,0,1,0,0
63,0.5000,0.5000,0.0000,0.0838,0.2517,0.1678,0,0,0,0,0,0,0,0
64,0.0000,0.0000,0.0000,0.0000,0.0000,0.0000,0,0,0,0,0,0,0,0
65,0.0000,0.0000,0.0000,0.0340,0.1111,0.0771,0,0,0,0,0,0,1,1
66,0.2000,0.2000,0.0000,0.0531,0.2385,0.1854,0,0,0,0,0,0,1,1
67,0.0000,0.0000,0.0000,0.0000,0.0000,0.0000,0,0,0,0,1,-1,0,0
68,1.0000,0.0000,-1.0000,0.0000,0.0727,0.0727,0,0,0,0,0,0,0,0
69,0.5000,0.5000,0.0000,0.1117,0.1636,0.0519,0,0,0,1,1,0,0,0
70,0.2500,0.2500,0.0000,0.0046,0.0937,0.0891,0,0,0,1,1,0,0,0
71,0.4000,0.2000,-0.2000,0.0378,0.0780,0.0402,0,0,0,1,0,1,0,0
72,0.0000,0.0000,0.0000,0.0568,0.0538,-0.0029,0,0,0,0,0,0,0,0
73,0.0000,0.2500,0.2500,0.0137,0.1117,0.0980,0,0,0,0,0,0,0,0
74,0.0000,1.0000,1.0000,0.0000,0.1000,0.1000,0,0,0,0,0,0,0,0
75,0.0000,0.0000,0.0000,0.0039,0.0035,-0.0004,0,0,0,0,0,0,1,0
76,0.3333,0.2000,-0.1333,0.1687,0.1449,-0.0238,0,0,0,0,0,0,1,1
77,0.3333,0.3333,0.0000,0.0427,0.1136,0.0709,0,0,0,1,0,1,0,0
78,0.0000,0.0000,0.0000,0.0082,0.0167,0.0086,0,0,0,0,0,0,0,0
79,0.0000,0.0000,0.0000,0.0085,0.0178,0.0094,0,0,0,0,0,0,0,0
80,0.0000,0.0000,0.0000,0.1121,0.0631,-0.0491,0,0,0,0,0,0,0,0
81,0.2000,0.6667,0.4667,0.0539,0.0455,-0.0083,0,0,0,0,0,0,0,0
82,0.0000,0.0000,0.0000,0.0426,0.1067,0.0641,0,0,0,0,0,0,0,0
83,0.0000,0.0000,0.0000,0.0206,0.0329,0.0123,0,0,0,0,0,0,0,0
84,0.5000,1.0000,0.5000,0.0000,0.0020,0.0020,0,0,0,0,0,0,0,0
85,0.0000,1.0000,1.0000,0.0000,0.0000,0.0000,0,0,0,0,0,0,1,0
86,0.4000,0.4000,0.0000,0.0746,0.1429,0.0683,0,0,0,0,0,0,1,1
87,0.0000,0.0000,0.0000,0.0155,0.0541,0.0386,0,0,0,0,0,0,0,0
88,0.0000,0.0000,0.0000,0.0000,0.0000,0.0000,1,0,-1,1,0,1,0,0
89,0.0000,0.0000,0.0000,0.0848,0.0609,-0.0239,0,0,0,0,0,0,0,1
90,0.0000,0.0000,0.0000,0.0000,0.0059,0.0059,0,0,0,0,0,0,0,0
91,0.6000,0.6000,0.0000,0.0179,0.0319,0.0141,0,0,0,0,0,0,1,1
92,0.4000,0.3333,-0.0667,0.0346,0.1091,0.0745,0,0,0,1,0,1,0,0
93,0.0000,0.0000,0.0000,0.0139,0.0265,0.0126,0,0,0,0,0,0,0,0
94,0.5000,0.5000,0.0000,0.0000,0.0000,0.0000,0,0,0,0,0,0,0,0
95,0.5000,0.5000,0.0000,0.0065,0.0059,-0.0006,0,0,0,0,0,0,0,0
96,0.5000,0.6000,0.1000,0.2326,0.1951,-0.0374,0,0,0,0,0,0,1,0
97,0.0000,0.0000,0.0000,0.0000,0.0063,0.0063,0,0,0,0,0,0,0,0
98,0.0000,0.0000,0.0000,0.0095,0.0688,0.0593,0,0,0,2,0,2,0,0
99,0.0000,0.0000,0.0000,0.0022,0.0089,0.0067,0,0,0,0,0,0,1,1
100,1.0000,1.0000,0.0000,0.0000,0.0000,0.0000,0,0,0,0,0,0,0,0
101,0.0000,0.0000,0.0000,0.0046,0.0000,-0.0046,0,0,0,0,0,0,1,1
102,0.0000,0.0000,0.0000,0.0165,0.0175,0.0010,0,0,0,0,0,0,0,1
103,0.5000,0.4000,-0.1000,0.0076,0.0604,0.0528,0,0,0,1,2,-1,0,0
104,1.0000,0.0000,-1.0000,0.0000,0.0124,0.0124,0,0,0,0,0,0,0,0
105,0.0000,0.0000,0.0000,0.0748,0.0710,-0.0038,0,0,0,0,0,0,1,1
106,0.3333,0.0000,-0.3333,0.0242,0.0000,-0.0242,0,0,0,0,0,0,0,0
107,0.3333,0.4000,0.0667,0.0369,0.0780,0.0412,0,0,0,1,0,1,0,0
108,1.0000,0.5000,-0.5000,0.0166,0.0097,-0.0069,0,0,0,0,0,0,0,0
109,0.3333,0.2500,-0.0833,0.0282,0.1176,0.0894,0,0,0,0,0,0,0,0
110,0.5000,0.2000,-0.3000,0.0944,0.1272,0.0328,0,0,0,0,0,0,0,0
111,0.5000,0.2500,-0.2500,0.0121,0.0073,-0.0049,1,1,0,0,3,-3,0,0
112,0.0000,0.0000,0.0000,0.0304,0.0746,0.0442,0,0,0,0,0,0,0,0
113,0.5000,0.5000,0.0000,0.0000,0.0000,0.0000,0,0,0,0,0,0,0,0
114,0.3333,0.5000,0.1667,0.0301,0.0180,-0.0122,0,0,0,0,0,0,0,1
115,0.0000,0.0000,0.0000,0.0860,0.0984,0.0123,0,0,0,0,0,0,0,0
116,0.5000,0.5000,0.0000,0.0000,0.0000,0.0000,0,0,0,0,0,0,0,0
117,0.0000,0.0000,0.0000,0.0093,0.0284,0.0191,0,0,0,0,0,0,1,1
118,0.6667,0.5000,-0.1667,0.0943,0.1561,0.0618,0,0,0,0,0,0,0,0
119,0.4000,0.2500,-0.1500,0.0265,0.0879,0.0614,0,0,0,2,1,1,0,0
120,0.0000,0.0000,0.0000,0.0526,0.0938,0.0411,0,0,0,0,0,0,0,0
121,0.5000,0.3333,-0.1667,0.0000,0.0159,0.0159,0,0,0,0,0,0,1,1
122,0.0000,0.0000,0.0000,0.1080,0.1618,0.0538,0,0,0,0,0,0,0,0
123,0.0000,0.0000,0.0000,0.1008,0.1023,0.0015,0,0,0,0,0,0,0,0
124,0.2000,0.2500,0.0500,0.1285,0.1384,0.0099,1,0,-1,3,1,2,0,0
125,0.0000,0.0000,0.0000,0.0000,0.6875,0.6875,0,0,0,0,0,0,0,0
126,0.0000,0.0000,0.0000,0.0000,0.0000,0.0000,0,0,0,0,0,0,0,0
127,0.0000,1.0000,1.0000,0.0136,0.1148,0.1011,0,0,0,0,0,0,0,0
129,0.0000,0.0000,0.0000,0.0000,0.0467,0.0467,0,0,0,0,0,0,0,0
130,0.0000,0.0000,0.0000,0.0000,0.0000,0.0000,0,0,0,0,0,0,0,0
131,1.0000,1.0000,0.0000,0.0000,0.0000,0.0000,0,0,0,0,2,-2,0,0
132,0.0000,0.0000,0.0000,0.0677,0.1567,0.0890,0,0,0,0,0,0,1,1
133,1.0000,0.0000,-1.0000,0.0685,0.8261,0.7576,0,0,0,0,0,0,0,0
134,0.0000,0.0000,0.0000,0.0411,0.1522,0.1111,0,0,0,0,0,0,0,0
135,0.3333,0.3333,0.0000,0.0435,0.0000,-0.0435,0,0,0,0,0,0,0,0
136,0.2000,0.4000,0.2000,0.0554,0.3924,0.3370,0,0,0,0,0,0,0,0
137,0.5000,0.5000,0.0000,0.1132,0.3659,0.2526,0,0,0,0,0,0,0,0
138,0.0000,0.0000,0.0000,0.0000,0.0000,0.0000,0,0,0,0,0,0,0,0
139,0.8000,0.8000,0.0000,0.0776,0.1419,0.0643,0,0,0,0,0,0,0,0
140,0.2000,0.4000,0.2000,0.0534,0.1097,0.0563,0,0,0,0,0,0,0,0
141,0.5000,0.0000,-0.5000,0.0000,0.0000,0.0000,0,0,0,0,0,0,0,0
142,0.2500,0.2500,0.0000,0.0428,0.0800,0.0372,0,0,0,0,0,0,1,1
143,0.2500,0.2500,0.0000,0.0124,0.0808,0.0684,0,0,0,0,0,0,1,0
144,0.2500,0.2500,0.0000,0.2771,0.0909,-0.1862,0,0,0,0,0,0,0,0
145,0.5000,1.0000,0.5000,0.0047,1.0000,0.9953,0,0,0,0,0,0,0,0
146,0.6667,0.6667,0.0000,0.1214,0.3673,0.2459,0,0,0,0,0,0,0,0
147,0.0000,0.0000,0.0000,0.0306,0.0457,0.0150,0,0,0,0,2,-2,0,1
148,0.0000,0.0000,0.0000,0.0685,0.2128,0.1443,0,0,0,0,0,0,0,0
149,0.6667,0.6667,0.0000,0.0609,0.0820,0.0211,0,0,0,0,0,0,0,0
150,0.0000,1.0000,1.0000,0.2200,0.6818,0.4618,0,0,0,0,0,0,1,0
151,0.0000,0.0000,0.0000,0.0115,0.0076,-0.0039,0,0,0,0,0,0,0,0
152,0.4000,0.5000,0.1000,0.0174,0.1217,0.1043,0,0,0,0,0,0,0,0
153,1.0000,0.0000,-1.0000,0.0000,0.0254,0.0254,0,0,0,0,1,-1,0,0
154,0.0000,0.0000,0.0000,0.0410,0.0229,-0.0181,0,0,0,1,1,0,0,0
155,0.0000,0.0000,0.0000,0.0000,0.0000,0.0000,0,0,0,0,0,0,0,0
156,0.0000,0.0000,0.0000,0.0043,0.0130,0.0087,0,0,0,0,0,0,1,1
157,0.0000,0.5000,0.5000,0.9515,0.0000,-0.9515,0,0,0,0,1,-1,0,0
158,1.0000,0.0000,-1.0000,0.0135,0.0149,0.0014,0,0,0,0,0,0,0,0
159,0.0000,1.0000,1.0000,0.0350,0.0678,0.0328,0,0,0,0,0,0,0,0
160,0.0000,0.0000,0.0000,0.0526,0.0648,0.0122,0,0,0,0,0,0,1,0
161,0.4000,0.5000,0.1000,0.1698,0.3792,0.2094,0,0,0,0,0,0,0,0
162,0.0000,0.0000,0.0000,0.0088,0.0000,-0.0088,0,0,0,0,1,-1,0,0
163,0.2500,0.5000,0.2500,0.0909,0.1250,0.0341,0,0,0,0,0,0,0,0
164,0.0000,0.3333,0.3333,0.0345,0.1818,0.1473,0,0,0,0,0,0,0,0
165,0.0000,0.0000,0.0000,1.0000,1.0000,0.0000,0,0,0,0,0,0,0,0
166,0.0000,0.0000,0.0000,0.0381,0.0677,0.0296,0,0,0,0,0,0,0,0
167,0.0000,0.0000,0.0000,0.0000,0.0000,0.0000,0,0,0,0,0,0,1,1
168,0.6667,0.3333,-0.3333,0.1277,0.9167,0.7890,0,0,0,0,0,0,0,0
169,0.6000,0.6000,0.0000,0.0664,0.0473,-0.0191,0,0,0,1,0,1,0,0
170,0.0000,0.0000,0.0000,0.0106,0.0444,0.0338,0,0,0,0,0,0,0,0
171,0.0000,0.0000,0.0000,0.0000,0.0095,0.0095,0,0,0,0,0,0,0,0
172,0.4000,0.2500,-0.1500,0.2731,0.1654,-0.1076,0,0,0,0,0,0,0,0
173,0.8000,0.6000,-0.2000,0.0943,0.1429,0.0485,0,0,0,0,0,0,1,0
174,0.0000,0.0000,0.0000,1.0000,1.0000,0.0000,0,0,0,0,0,0,0,0
175,0.3333,0.6667,0.3333,0.0930,0.1951,0.1021,0,0,0,0,0,0,0,0
176,0.0000,0.0000,0.0000,0.0182,0.6571,0.6390,0,0,0,0,0,0,0,0
177,0.0000,0.0000,0.0000,0.0702,0.0449,-0.0253,0,0,0,0,0,0,0,0
178,0.2000,0.4000,0.2000,0.0027,0.0186,0.0159,0,0,0,1,0,1,0,0
179,1.0000,1.0000,0.0000,0.0000,0.0000,0.0000,0,0,0,0,0,0,0,0
180,1.0000,1.0000,0.0000,0.0000,0.0000,0.0000,0,0,0,0,0,0,0,0
181,0.0000,0.0000,0.0000,0.0000,0.0000,0.0000,0,0,0,0,0,0,1,1
182,1.0000,0.0000,-1.0000,0.0000,0.0000,0.0000,0,0,0,0,0,0,0,0
183,0.0000,0.0000,0.0000,0.2593,0.3818,0.1226,0,0,0,0,0,0,0,0
184,0.0000,0.0000,0.0000,0.0053,0.0117,0.0064,0,0,0,0,1,-1,0,0
185,1.0000,1.0000,0.0000,0.0000,0.0000,0.0000,0,0,0,0,0,0,0,0
186,0.5000,0.2000,-0.3000,0.0512,0.0966,0.0454,0,0,0,2,0,2,0,0
187,0.0000,0.0000,0.0000,0.0000,0.0043,0.0043,0,0,0,0,1,-1,0,1
188,1.0000,0.6667,-0.3333,0.0718,0.0000,-0.0718,0,0,0,0,0,0,0,1
189,0.3333,0.6667,0.3333,0.0018,0.0000,-0.0018,0,0,0,0,0,0,0,0
190,1.0000,1.0000,0.0000,0.0000,0.0000,0.0000,0,0,0,0,0,0,0,0
191,0.6667,0.6667,0.0000,0.0574,0.3768,0.3195,0,0,0,0,0,0,0,0
192,0.0000,0.0000,0.0000,0.0164,0.0256,0.0092,0,0,0,0,0,0,0,1
193,0.8000,0.6000,-0.2000,0.0561,0.0960,0.0399,0,0,0,0,0,0,0,1
194,0.0000,0.0000,0.0000,0.2874,0.1774,-0.1099,0,0,0,0,0,0,0,0
195,0.0000,0.0000,0.0000,0.0000,0.0000,0.0000,0,0,0,0,0,0,0,1
196,0.0000,0.0000,0.0000,0.0000,0.0000,0.0000,0,0,0,2,0,2,0,0
197,0.0000,0.3333,0.3333,0.0559,0.1087,0.0528,0,0,0,0,0,0,0,1
198,0.0000,0.0000,0.0000,0.0660,0.0702,0.0041,0,0,0,0,0,0,1,0
199,0.5000,0.2000,-0.3000,0.0901,0.0337,-0.0564,0,0,0,0,0,0,0,0
200,0.0000,0.0000,0.0000,0.0144,0.0069,-0.0075,0,0,0,1,0,1,0,0
201,0.0000,0.0000,0.0000,0.0043,0.0047,0.0004,0,0,0,0,0,0,0,0
202,0.5000,0.3333,-0.1667,0.0873,0.0569,-0.0304,0,0,0,0,0,0,0,0
203,0.0000,0.0000,0.0000,0.0643,0.0966,0.0323,0,0,0,0,0,0,0,0
204,0.3333,1.0000,0.6667,0.0168,0.0571,0.0404,0,0,0,0,0,0,0,0
205,0.0000,0.0000,0.0000,0.0671,0.1702,0.1031,0,0,0,1,0,1,0,0
206,0.5000,0.7500,0.2500,0.0667,0.0690,0.0023,0,0,0,0,0,0,0,0
207,0.2500,0.2500,0.0000,0.0166,0.0261,0.0095,0,0,0,0,0,0,0,0
208,0.8000,0.8000,0.0000,0.0720,0.1195,0.0474,0,0,0,0,0,0,0,0
209,0.4000,0.5000,0.1000,0.0052,0.0431,0.0379,1,0,-1,3,0,3,0,0
210,0.2000,0.4000,0.2000,0.0449,0.1253,0.0804,0,0,0,0,0,0,0,0
211,0.5000,0.3333,-0.1667,0.0116,0.0237,0.0121,0,0,0,0,0,0,0,1
212,0.0000,0.0000,0.0000,0.0000,0.0000,0.0000,0,0,0,1,0,1,0,0
213,1.0000,1.0000,0.0000,0.0000,0.0000,0.0000,0,0,0,0,0,0,0,0
214,1.0000,0.0000,-1.0000,0.0000,0.0316,0.0316,0,0,0,0,1,-1,0,0
215,0.0000,0.0000,0.0000,0.1262,0.5000,0.3738,0,0,0,0,0,0,0,0
216,0.0000,0.0000,0.0000,0.0374,0.1080,0.0706,0,0,0,1,0,1,0,0
217,0.4000,0.4000,0.0000,0.0739,0.0776,0.0037,0,0,0,1,1,0,0,0
218,0.6667,0.6667,0.0000,0.0000,0.0000,0.0000,0,0,0,0,0,0,0,0
219,0.0000,1.0000,1.0000,0.0000,0.7000,0.7000,0,0,0,0,0,0,1,0
220,0.5000,1.0000,0.5000,0.0000,0.0035,0.0035,0,0,0,0,0,0,0,0
221,0.6667,0.5000,-0.1667,0.2083,0.5082,0.2999,0,0,0,0,0,0,0,0
222,0.1667,0.1667,0.0000,0.0279,0.0430,0.0151,0,0,0,0,0,0,0,0
223,0.0000,1.0000,1.0000,0.0000,0.0000,0.0000,0,0,0,0,1,-1,1,0
224,0.0000,0.0000,0.0000,0.0000,0.0000,0.0000,0,0,0,0,0,0,0,0
225,0.0000,0.0000,0.0000,0.0769,0.0000,-0.0769,0,0,0,0,0,0,0,0
226,0.7500,0.4000,-0.3500,0.0060,0.1038,0.0978,0,0,0,0,1,-1,0,0
227,0.3333,0.3333,0.0000,0.0476,0.6000,0.5524,0,0,0,0,0,0,0,0
228,0.0000,0.0000,0.0000,0.1359,0.2517,0.1159,0,0,0,0,0,0,0,0
229,0.2000,0.4000,0.2000,0.1446,0.0953,-0.0493,0,0,0,0,2,-2,0,0
230,1.0000,0.5000,-0.5000,0.0300,0.1811,0.1511,0,0,0,0,0,0,0,0
231,1.0000,0.5000,-0.5000,0.0403,0.0000,-0.0403,0,0,0,1,0,1,0,0
232,0.0000,0.4000,0.4000,0.0000,0.2016,0.2016,0,0,0,0,0,0,0,0
233,0.3333,0.0000,-0.3333,0.0000,0.0000,0.0000,0,0,0,0,0,0,0,0
234,0.4000,0.6667,0.2667,0.1508,0.0809,-0.0699,0,0,0,9,0,9,0,0
235,0.0000,0.0000,0.0000,0.0682,0.0806,0.0125,0,0,0,0,0,0,0,0
236,1.0000,1.0000,0.0000,0.0000,1.0000,1.0000,0,0,0,0,0,0,0,0
237,0.0000,0.0000,0.0000,0.0048,0.0151,0.0102,0,0,0,0,0,0,0,0
238,0.0000,0.5000,0.5000,0.0000,0.0000,0.0000,0,0,0,0,0,0,0,0
239,0.0000,0.0000,0.0000,0.0000,0.0073,0.0073,0,0,0,0,0,0,0,0
240,0.5000,0.5000,0.0000,0.0310,0.0714,0.0405,0,0,0,0,0,0,0,0
241,0.2000,0.3333,0.1333,0.0282,0.1052,0.0769,0,0,0,0,0,0,0,0
242,0.0000,0.0000,0.0000,0.0366,0.8125,0.7759,0,0,0,0,0,0,0,0
243,0.0000,0.0000,0.0000,0.0177,0.1064,0.0887,0,0,0,0,0,0,0,0
244,1.0000,0.0000,-1.0000,0.0000,0.0196,0.0196,0,0,0,0,0,0,0,0
245,0.5000,0.6667,0.1667,0.5926,0.4828,-0.1098,0,0,0,0,0,0,0,0
246,0.2500,0.5000,0.2500,0.0406,0.0302,-0.0104,0,0,0,5,0,5,0,0
247,0.6667,0.6667,0.0000,0.0000,0.0250,0.0250,0,0,0,0,0,0,0,0
248,0.0000,0.0000,0.0000,0.0359,0.1255,0.0896,0,0,0,0,0,0,1,0
249,0.0000,0.0000,0.0000,0.1356,0.2206,0.0850,0,0,0,0,0,0,0,0
250,0.0000,0.0000,0.0000,0.0040,0.0000,-0.0040,0,0,0,0,0,0,0,0
251,0.5000,0.0000,-0.5000,0.0000,0.0000,0.0000,0,0,0,0,0,0,0,0
252,0.0000,1.0000,1.0000,0.0041,0.0000,-0.0041,0,0,0,0,0,0,0,1
253,0.0000,0.0000,0.0000,0.0042,0.0000,-0.0042,0,0,0,0,0,0,0,0
254,0.0000,0.0000,0.0000,0.0103,0.0221,0.0119,0,0,0,0,0,0,0,0
255,0.4000,0.4000,0.0000,0.0236,0.0874,0.0638,0,0,0,0,0,0,1,1
256,1.0000,1.0000,0.0000,0.0036,0.0028,-0.0008,0,0,0,0,1,-1,0,0
257,0.0000,0.0000,0.0000,0.0000,0.0000,0.0000,0,0,0,0,0,0,0,0
258,0.0000,0.0000,0.0000,0.0129,0.6797,0.6668,0,0,0,0,0,0,0,1
259,0.5000,0.4000,-0.1000,0.1232,0.1938,0.0706,0,0,0,0,2,-2,0,0
260,0.5000,0.5000,0.0000,0.5347,0.6094,0.0747,0,0,0,0,0,0,0,0
261,0.3333,0.3333,0.0000,0.2264,0.7708,0.5444,0,0,0,1,0,1,1,0
262,0.3333,0.0000,-0.3333,0.0870,0.1818,0.0949,0,0,0,0,0,0,0,0
263,1.0000,0.0000,-1.0000,0.0000,0.0000,0.0000,0,0,0,0,0,0,0,0
264,0.3333,0.5000,0.1667,0.0010,0.0419,0.0409,0,0,0,3,1,2,0,0
265,0.0000,0.5000,0.5000,0.0870,0.7500,0.6630,0,0,0,0,0,0,1,0
266,0.3333,0.3333,0.0000,0.0656,0.1053,0.0397,0,0,0,1,1,0,0,0
267,0.0000,0.0000,0.0000,0.0357,0.0622,0.0265,0,0,0,0,0,0,0,1
268,0.4000,0.2500,-0.1500,0.1378,0.1828,0.0450,0,0,0,0,0,0,1,1
269,0.6667,0.4000,-0.2667,0.0109,0.0759,0.0650,0,0,0,0,0,0,0,0
270,0.2500,0.3333,0.0833,0.0427,0.0384,-0.0043,2,0,-2,1,1,0,0,0
271,0.4000,0.2500,-0.1500,0.0173,0.1190,0.1018,0,0,0,0,0,0,0,0
272,0.4000,0.2500,-0.1500,0.0214,0.1195,0.0981,0,0,0,3,0,3,0,0
273,1.0000,0.5000,-0.5000,0.0000,0.0103,0.0103,0,0,0,0,0,0,0,0
274,0.0000,0.0000,0.0000,0.2353,0.0000,-0.2353,0,0,0,0,1,-1,0,0
275,0.0000,1.0000,1.0000,0.0000,1.0000,1.0000,0,0,0,0,0,0,0,0
276,0.0000,0.0000,0.0000,0.0927,0.2420,0.1494,0,0,0,0,0,0,0,0
277,0.4000,0.4000,0.0000,0.1970,0.2231,0.0262,0,0,0,0,0,0,1,1
278,0.0000,0.0000,0.0000,0.0028,0.0039,0.0010,0,0,0,1,0,1,1,1
279,0.0000,0.0000,0.0000,0.0065,0.0024,-0.0040,0,0,0,0,0,0,0,1
280,0.6667,0.0000,-0.6667,0.0214,0.0000,-0.0214,0,0,0,0,0,0,0,0
281,0.0000,0.0000,0.0000,0.0175,0.0000,-0.0175,0,0,0,0,0,0,0,0
282,0.0000,0.0000,0.0000,0.2460,0.1860,-0.0600,0,0,0,0,0,0,0,0
283,0.3333,1.0000,0.6667,0.0556,0.2759,0.2203,0,0,0,0,0,0,0,0
284,1.0000,1.0000,0.0000,0.0000,0.0000,0.0000,0,0,0,0,0,0,0,0
285,0.6000,0.4000,-0.2000,0.0827,0.1098,0.0271,0,0,0,0,0,0,0,1
286,0.0000,0.0000,0.0000,0.0000,0.0000,0.0000,0,0,0,0,0,0,0,0
287,0.0000,0.0000,0.0000,0.0459,0.0420,-0.0039,0,0,0,0,0,0,0,0
288,0.0000,0.0000,0.0000,0.0101,0.0000,-0.0101,0,0,0,1,0,1,0,0
289,0.5000,1.0000,0.5000,0.0000,0.0000,0.0000,0,0,0,0,0,0,0,0
290,0.5000,0.3333,-0.1667,0.0000,0.0199,0.0199,0,0,0,0,0,0,0,0
291,0.0000,0.0000,0.0000,0.1951,0.0323,-0.1629,0,0,0,0,0,0,0,0
292,1.0000,0.0000,-1.0000,0.0000,0.0112,0.0112,0,0,0,0,0,0,0,0
293,0.4000,0.2500,-0.1500,0.0020,0.0020,0.0000,0,1,1,1,0,1,0,0
294,1.0000,1.0000,0.0000,0.0000,0.0000,0.0000,0,0,0,0,0,0,0,0
295,0.0000,1.0000,1.0000,0.0021,0.0000,-0.0021,0,0,0,0,1,-1,0,0
296,0.0000,0.0000,0.0000,0.0000,0.0000,0.0000,0,0,0,0,0,0,0,0
297,0.6667,0.3333,-0.3333,0.2326,0.3333,0.1008,0,0,0,0,0,0,0,0
298,1.0000,1.0000,0.0000,0.4483,0.0000,-0.4483,0,0,0,0,0,0,0,0
299,1.0000,0.5000,-0.5000,0.0556,0.0210,-0.0346,0,0,0,1,0,1,0,0
300,0.0000,0.0000,0.0000,0.0000,0.0148,0.0148,0,0,0,2,0,2,1,1
301,0.0000,0.0000,0.0000,0.0000,0.0000,0.0000,0,0,0,0,0,0,0,0
302,0.0000,0.0000,0.0000,0.0048,0.0225,0.0176,0,0,0,0,0,0,1,1
303,0.0000,0.0000,0.0000,0.0345,0.3333,0.2989,0,0,0,0,0,0,0,0
304,0.0000,0.0000,0.0000,0.1365,0.3226,0.1860,0,0,0,0,0,0,0,0
305,0.0000,1.0000,1.0000,0.0000,0.1087,0.1087,0,0,0,0,0,0,0,0
306,0.3333,0.3333,0.0000,0.2128,0.3846,0.1718,0,0,0,0,0,0,0,0
307,1.0000,0.5000,-0.5000,0.0355,0.6842,0.6487,0,0,0,0,0,0,0,0
308,0.2500,0.3333,0.0833,0.9358,0.0000,-0.9358,0,0,0,0,0,0,0,0
309,0.4000,0.4000,0.0000,0.0384,0.1109,0.0725,0,0,0,2,0,2,0,0
310,0.4000,0.2000,-0.2000,0.0481,0.0690,0.0209,0,0,0,0,0,0,0,1
311,0.0000,0.0000,0.0000,0.0784,0.0874,0.0089,0,0,0,0,0,0,1,1
312,1.0000,0.6667,-0.3333,0.4444,0.4426,-0.0018,0,0,0,0,0,0,0,0
313,0.0000,0.0000,0.0000,0.3333,0.2500,-0.0833,0,0,0,0,0,0,0,0
314,0.4000,0.4000,0.0000,0.0537,0.1224,0.0687,0,0,0,0,0,0,1,1
315,0.3333,0.3333,0.0000,0.0266,0.0085,-0.0180,0,0,0,0,0,0,0,0
316,0.0000,0.0000,0.0000,0.0265,0.0344,0.0079,0,0,0,0,0,0,1,1
317,0.2500,0.2500,0.0000,0.1901,0.2007,0.0105,0,0,0,0,0,0,0,0
318,0.0000,0.0000,0.0000,0.0755,0.7794,0.7039,0,0,0,0,0,0,0,0
319,0.0000,0.0000,0.0000,0.0179,0.0075,-0.0104,0,0,0,0,0,0,0,1
320,0.3333,0.2500,-0.0833,0.0381,0.1313,0.0931,0,0,0,0,0,0,0,1
321,0.3333,0.2500,-0.0833,0.0007,0.0747,0.0740,0,0,0,0,0,0,0,0
322,0.5000,0.5000,0.0000,0.0351,0.0720,0.0369,0,0,0,0,0,0,0,0
323,0.3333,0.5000,0.1667,0.0000,0.1476,0.1476,0,0,0,0,0,0,0,1
324,0.5000,0.5000,0.0000,0.0225,0.0379,0.0154,0,0,0,0,0,0,0,0
325,0.2000,0.4000,0.2000,0.0058,0.0694,0.0636,0,0,0,0,0,0,0,0
326,0.0000,0.0000,0.0000,0.0000,0.0046,0.0046,0,0,0,0,0,0,0,0
327,0.0000,0.0000,0.0000,0.0000,0.0000,0.0000,0,0,0,2,0,2,0,0
328,0.5000,0.4000,-0.1000,0.2669,0.0551,-0.2118,0,0,0,0,0,0,1,1
329,0.5000,0.5000,0.0000,0.0451,0.1023,0.0572,0,0,0,1,0,1,0,0
330,0.8000,0.3333,-0.4667,0.0690,0.2171,0.1481,0,0,0,0,0,0,1,0
331,0.0000,0.0000,0.0000,0.3231,0.6552,0.3321,0,0,0,0,0,0,0,0
332,0.5000,0.0000,-0.5000,0.6667,0.0000,-0.6667,0,0,0,0,0,0,0,0
333,0.0000,0.0000,0.0000,0.0000,0.0000,0.0000,0,0,0,0,0,0,0,0
334,0.2500,0.0000,-0.2500,0.0299,0.0160,-0.0138,0,0,0,0,3,-3,0,0
335,0.4000,0.7500,0.3500,0.0319,0.0986,0.0667,0,0,0,0,1,-1,0,0
336,1.0000,0.5000,-0.5000,0.0732,0.0886,0.0154,0,0,0,0,0,0,0,0
337,0.3333,0.2500,-0.0833,0.0506,0.0995,0.0489,0,0,0,0,1,-1,0,0
338,0.4000,0.2500,-0.1500,0.0375,0.1108,0.0734,0,0,0,1,2,-1,0,0
339,0.5000,0.2500,-0.2500,0.0448,0.0664,0.0215,1,1,0,0,0,0,0,0
340,1.0000,0.5000,-0.5000,0.0033,0.0000,-0.0033,0,0,0,0,1,-1,0,0
341,0.0000,0.0000,0.0000,0.2759,0.0190,-0.2569,0,0,0,0,0,0,1,1
342,0.0000,0.0000,0.0000,0.1829,0.1111,-0.0718,0,0,0,0,0,0,0,0
343,1.0000,1.0000,0.0000,0.0000,0.0000,0.0000,0,0,0,0,0,0,0,0
344,0.0000,0.0000,0.0000,0.0052,0.0081,0.0029,0,0,0,0,0,0,0,0
345,1.0000,0.5000,-0.5000,0.0036,0.0000,-0.0036,0,0,0,0,0,0,0,0
346,0.0000,0.0000,0.0000,0.0000,0.0000,0.0000,0,0,0,0,0,0,0,0
347,0.0000,0.0000,0.0000,0.0000,0.0000,0.0000,0,0,0,0,0,0,0,0
348,0.0000,0.0000,0.0000,0.0957,0.0542,-0.0415,0,0,0,0,0,0,0,0
349,0.3333,1.0000,0.6667,0.1608,0.0730,-0.0878,0,0,0,0,1,-1,0,0
350,0.0000,0.0000,0.0000,0.0000,0.0000,0.0000,0,0,0,0,0,0,0,0
351,0.0000,0.0000,0.0000,0.0123,0.0074,-0.0049,0,0,0,0,0,0,0,0
352,0.0000,0.0000,0.0000,0.0000,0.0106,0.0106,0,0,0,0,0,0,0,1
353,0.0000,0.0000,0.0000,0.0000,0.0229,0.0229,0,0,0,0,0,0,1,1
354,0.0000,1.0000,1.0000,0.0076,0.0000,-0.0076,0,0,0,1,0,1,0,0
355,0.2000,0.2500,0.0500,0.0044,0.0074,0.0030,0,1,1,2,5,-3,0,0
356,0.0000,0.0000,0.0000,0.2516,0.2358,-0.0157,0,0,0,0,0,0,0,0
357,0.0000,0.0000,0.0000,0.0000,0.0000,0.0000,0,0,0,0,0,0,0,0
358,0.0000,0.0000,0.0000,0.0357,0.0339,-0.0018,0,0,0,0,1,-1,0,0
359,1.0000,1.0000,0.0000,0.2500,0.6000,0.3500,0,0,0,0,0,0,0,0
360,0.2000,0.2000,0.0000,0.0533,0.1135,0.0602,0,0,0,0,0,0,1,1
361,1.0000,0.0000,-1.0000,0.1067,0.0000,-0.1067,0,0,0,0,0,0,0,0
362,1.0000,1.0000,0.0000,0.0000,0.0000,0.0000,0,0,0,0,0,0,0,0
363,0.0000,0.0000,0.0000,0.0000,0.0000,0.0000,0,0,0,0,0,0,0,0
364,0.0000,0.0000,0.0000,0.0000,0.2857,0.2857,0,0,0,0,0,0,0,0
365,0.0000,0.0000,0.0000,0.1176,0.0000,-0.1176,0,0,0,0,0,0,0,0
366,0.2500,0.2500,0.0000,0.1016,0.1324,0.0308,0,0,0,0,0,0,0,0
367,0.2500,0.0000,-0.2500,0.1768,1.0000,0.8232,0,0,0,0,0,0,0,0
368,1.0000,0.0000,-1.0000,1.0000,0.1236,-0.8764,0,0,0,0,0,0,0,1
369,0.0000,0.0000,0.0000,0.0214,0.0347,0.0134,0,0,0,0,0,0,0,1
370,0.5000,0.2500,-0.2500,0.1058,0.0311,-0.0747,0,0,0,1,0,1,0,0
371,0.0000,1.0000,1.0000,0.0060,0.0000,-0.0060,0,0,0,0,0,0,0,0
372,0.6667,0.3333,-0.3333,0.1278,0.2507,0.1230,0,0,0,0,0,0,0,0
373,0.0000,0.0000,0.0000,1.0000,0.0000,-1.0000,0,0,0,0,0,0,0,0
374,0.3333,0.3333,0.0000,0.0892,0.9307,0.8415,0,0,0,0,0,0,0,0
375,1.0000,0.3333,-0.6667,0.0198,0.0372,0.0174,0,0,0,1,0,1,0,0
376,0.1667,0.2000,0.0333,0.0423,0.0348,-0.0075,0,0,0,0,0,0,0,0
377,0.0000,0.0000,0.0000,0.0018,0.0063,0.0044,0,0,0,1,0,1,0,0
378,0.3333,0.2500,-0.0833,0.0548,0.1091,0.0543,0,0,0,0,0,0,0,0
379,1.0000,0.8000,-0.2000,0.2195,0.3039,0.0844,0,0,0,0,0,0,1,1
380,0.4000,0.4000,0.0000,0.0689,0.1044,0.0355,0,0,0,0,0,0,0,0
381,0.0000,0.0000,0.0000,0.0000,0.0423,0.0423,0,0,0,0,0,0,0,0
382,1.0000,0.0000,-1.0000,0.0638,0.0201,-0.0437,0,0,0,1,0,1,0,1
383,0.0000,1.0000,1.0000,0.0279,0.0781,0.0502,0,0,0,0,0,0,0,0
384,0.0000,0.0000,0.0000,0.0026,0.0053,0.0027,0,0,0,0,0,0,1,1
385,1.0000,0.5000,-0.5000,0.0000,0.0389,0.0389,0,0,0,0,0,0,0,0
386,0.8000,0.6000,-0.2000,0.2660,0.0748,-0.1912,0,0,0,0,0,0,1,1
387,0.5000,0.3333,-0.1667,0.1184,0.0400,-0.0784,0,0,0,0,0,0,0,0
388,1.0000,0.5000,-0.5000,0.0515,0.0709,0.0194,0,0,0,0,0,0,0,1
389,0.0000,0.0000,0.0000,0.0101,0.0549,0.0449,0,0,0,0,0,0,0,1
390,0.5000,0.3333,-0.1667,0.0000,0.0000,0.0000,0,0,0,0,0,0,0,0
391,0.5000,0.5000,0.0000,0.0667,0.0000,-0.0667,0,0,0,0,0,0,0,0
392,0.0000,0.0000,0.0000,0.0000,0.0055,0.0055,0,0,0,0,0,0,0,0
393,0.4000,0.2000,-0.2000,0.0107,0.0190,0.0083,0,0,0,0,0,0,1,1
394,0.0000,1.0000,1.0000,0.0043,0.0000,-0.0043,0,0,0,0,1,-1,0,0
395,0.0000,0.0000,0.0000,0.0135,0.0217,0.0082,0,0,0,0,0,0,0,0
396,1.0000,1.0000,0.0000,0.0000,0.0000,0.0000,0,0,0,0,0,0,0,0
397,0.1667,0.2000,0.0333,0.3702,0.5540,0.1838,0,0,0,0,0,0,0,0
398,0.2000,0.1667,-0.0333,0.1694,0.0885,-0.0809,0,0,0,0,0,0,1,0
399,0.2500,0.5000,0.2500,0.0060,0.0058,-0.0002,1,1,0,0,0,0,0,0
400,0.6667,0.6667,0.0000,0.0147,0.0161,0.0014,0,0,0,0,0,0,0,0
401,0.3333,0.3333,0.0000,0.0339,0.0245,-0.0093,0,0,0,0,0,0,0,0
402,0.0000,0.0000,0.0000,0.0297,0.0209,-0.0088,0,0,0,0,0,0,0,0
403,0.3333,0.0000,-0.3333,0.0000,0.0000,0.0000,0,0,0,0,0,0,0,0
404,0.0000,1.0000,1.0000,0.0000,0.0833,0.0833,0,0,0,0,0,0,0,0
405,0.0000,0.0000,0.0000,0.0643,0.0572,-0.0071,0,0,0,0,0,0,0,0
406,0.2500,0.2500,0.0000,0.1003,0.1527,0.0524,0,0,0,0,2,-2,0,0
407,0.5000,0.0000,-0.5000,0.0397,0.3158,0.2761,0,0,0,0,0,0,1,0
408,0.3333,0.3333,0.0000,0.0090,0.0375,0.0284,2,0,-2,0,0,0,0,0
409,0.3333,0.4000,0.0667,0.0641,0.0966,0.0325,0,0,0,0,0,0,1,1
410,1.0000,0.5000,-0.5000,0.4145,0.0000,-0.4145,0,0,0,0,0,0,0,0
411,1.0000,0.0000,-1.0000,0.0000,0.0000,0.0000,0,0,0,0,1,-1,1,1
412,0.5000,0.5000,0.0000,0.3230,0.7549,0.4320,0,0,0,0,0,0,1,1
413,0.0000,0.0000,0.0000,0.1667,0.1250,-0.0417,0,0,0,0,0,0,0,0
414,0.0000,0.0000,0.0000,0.0309,0.0025,-0.0284,0,0,0,2,3,-1,0,0
415,0.0000,0.0000,0.0000,0.0000,0.0047,0.0047,0,0,0,1,0,1,0,0
416,0.0000,0.0000,0.0000,0.2081,0.3205,0.1123,0,0,0,0,0,0,0,0
417,0.0000,0.0000,0.0000,0.0025,0.0073,0.0048,0,0,0,0,0,0,0,0
418,0.0000,0.0000,0.0000,0.0577,0.0106,-0.0471,0,0,0,0,0,0,1,1
419,0.5000,0.0000,-0.5000,0.4000,0.0000,-0.4000,0,0,0,0,0,0,0,0
420,0.5000,0.5000,0.0000,0.0000,0.0000,0.0000,0,0,0,0,0,0,1,1
421,0.0000,0.0000,0.0000,0.0000,0.0000,0.0000,0,0,0,0,0,0,0,0
422,0.0000,0.0000,0.0000,0.0515,0.0536,0.0020,0,0,0,0,0,0,0,0
423,0.5000,0.5000,0.0000,0.0172,0.0474,0.0302,0,0,0,0,0,0,0,0
424,0.4000,0.2000,-0.2000,0.0530,0.0997,0.0467,0,0,0,0,0,0,0,0
425,0.0000,0.0000,0.0000,0.2667,0.0000,-0.2667,0,0,0,0,0,0,0,0
426,0.6667,0.3333,-0.3333,0.0582,0.0446,-0.0135,0,0,0,0,0,0,1,0
427,0.5000,0.0000,-0.5000,0.0000,0.0000,0.0000,0,0,0,0,0,0,0,1
428,0.2000,0.2000,0.0000,0.0252,0.0594,0.0342,0,0,0,1,0,1,0,0
429,0.0000,0.0000,0.0000,0.0441,0.0553,0.0112,0,0,0,1,2,-1,0,0
430,1.0000,1.0000,0.0000,0.0000,0.0000,0.0000,0,0,0,0,0,0,0,0
431,0.4000,0.5000,0.1000,0.2995,0.2794,-0.0201,0,0,0,0,0,0,1,1
432,0.5000,0.3333,-0.1667,0.0193,0.0758,0.0566,0,0,0,0,0,0,0,0
433,0.0000,0.0000,0.0000,0.0000,0.0127,0.0127,0,0,0,0,0,0,0,0
434,0.3333,0.4000,0.0667,0.0366,0.0633,0.0267,0,0,0,0,0,0,0,0
435,0.6667,0.6667,0.0000,0.1570,0.2353,0.0783,0,0,0,0,0,0,0,0
436,0.3333,0.4000,0.0667,0.2054,0.2903,0.0849,0,0,0,0,0,0,1,1
437,0.0000,0.0000,0.0000,0.0000,0.0000,0.0000,0,0,0,0,0,0,0,0
438,0.0000,0.0000,0.0000,0.0000,0.0000,0.0000,0,0,0,0,0,0,0,0
439,0.2000,0.5000,0.3000,0.0654,0.0208,-0.0446,0,0,0,0,0,0,1,1
440,0.0000,0.0000,0.0000,0.0716,0.0979,0.0263,0,0,0,1,1,0,0,0
441,0.2500,0.3333,0.0833,0.0000,0.0000,0.0000,0,0,0,0,0,0,0,0
442,0.0000,0.0000,0.0000,0.0909,0.0845,-0.0064,0,0,0,0,0,0,0,0
443,0.2000,0.5000,0.3000,0.0590,0.1176,0.0586,0,0,0,0,0,0,0,0
444,0.0000,0.0000,0.0000,0.0714,0.1573,0.0859,0,0,0,0,0,0,0,0
445,0.2000,1.0000,0.8000,0.0667,0.0000,-0.0667,0,0,0,0,0,0,1,0
446,0.0000,0.0000,0.0000,0.0000,0.0000,0.0000,0,0,0,0,0,0,0,0
447,0.3333,0.5000,0.1667,0.0000,0.0000,0.0000,0,0,0,0,0,0,0,0
448,0.4000,0.2000,-0.2000,0.0138,0.0369,0.0231,0,0,0,0,0,0,0,0
449,0.0000,0.0000,0.0000,0.0119,0.1023,0.0904,0,0,0,0,0,0,1,1
450,0.0000,0.0000,0.0000,0.0032,0.0086,0.0054,0,0,0,0,0,0,0,0
451,0.6000,0.6667,0.0667,0.1667,0.0000,-0.1667,0,0,0,0,0,0,0,0
452,0.0000,0.0000,0.0000,0.0656,0.0109,-0.0547,0,0,0,0,1,-1,0,0
453,0.5000,0.3333,-0.1667,0.0217,0.0237,0.0020,0,0,0,0,1,-1,0,0
454,0.0000,0.0000,0.0000,0.0210,0.0090,-0.0121,0,0,0,0,0,0,0,0
455,0.0000,0.0000,0.0000,0.0000,0.0000,0.0000,0,0,0,1,1,0,0,0
456,0.0000,0.0000,0.0000,0.0000,0.0000,0.0000,0,0,0,0,0,0,0,0
457,0.0000,0.0000,0.0000,0.0192,0.0496,0.0305,0,0,0,0,1,-1,0,0
458,0.0000,0.5000,0.5000,0.2000,0.0870,-0.1130,0,0,0,0,0,0,0,0
459,1.0000,1.0000,0.0000,0.0591,0.3043,0.2453,0,0,0,0,0,0,0,0
460,0.3333,0.4000,0.0667,0.0605,0.0483,-0.0122,0,0,0,0,0,0,0,0
461,0.0000,0.0000,0.0000,0.0014,0.0083,0.0069,0,0,0,0,1,-1,0,0
462,0.0000,0.0000,0.0000,0.1250,0.0417,-0.0833,0,0,0,0,0,0,0,0
463,0.5000,0.2000,-0.3000,0.0616,0.1355,0.0739,0,0,0,0,0,0,0,0
464,0.0000,0.0000,0.0000,0.1796,0.2047,0.0251,0,0,0,0,0,0,0,0
465,0.0000,1.0000,1.0000,0.0208,0.0400,0.0192,0,0,0,0,0,0,0,0
466,0.0000,0.0000,0.0000,0.1055,0.0800,-0.0255,0,0,0,0,0,0,0,0
467,0.3333,0.4000,0.0667,0.0119,0.0541,0.0423,0,0,0,0,0,0,1,0
468,0.5000,0.0000,-0.5000,0.0645,0.0000,-0.0645,0,0,0,0,0,0,0,0
469,0.0000,0.0000,0.0000,0.0052,0.1061,0.1008,0,0,0,0,0,0,0,0
470,0.0000,0.0000,0.0000,0.0781,0.1034,0.0253,0,0,0,0,0,0,0,0
471,0.0000,0.0000,0.0000,0.1339,0.0976,-0.0364,0,0,0,0,0,0,1,1
472,0.6000,0.6000,0.0000,0.0833,0.1008,0.0174,0,0,0,0,0,0,1,1
473,0.0000,0.0000,0.0000,0.0087,0.0142,0.0054,0,0,0,0,1,-1,0,0
474,0.0000,1.0000,1.0000,0.0000,0.0833,0.0833,0,0,0,0,0,0,0,0
475,0.0000,0.0000,0.0000,0.0000,0.0000,0.0000,0,0,0,0,0,0,0,0
476,0.2500,0.3333,0.0833,0.0055,0.0248,0.0193,1,0,-1,0,1,-1,1,0
477,0.0000,0.0000,0.0000,0.0017,0.0261,0.0244,0,0,0,0,1,-1,0,0
478,0.0000,0.0000,0.0000,0.0388,0.0242,-0.0145,0,0,0,0,0,0,1,0
479,0.0000,1.0000,1.0000,0.0000,0.0000,0.0000,0,0,0,0,0,0,0,0
480,0.5000,0.5000,0.0000,0.0022,0.0724,0.0702,0,0,0,0,0,0,0,0
481,0.1667,0.4000,0.2333,0.0741,0.1375,0.0634,0,0,0,0,0,0,1,1
482,0.0000,0.0000,0.0000,0.1978,0.2798,0.0820,0,0,0,0,0,0,0,0
483,0.2500,0.2000,-0.0500,0.0085,0.0147,0.0062,0,0,0,1,0,1,0,1
484,1.0000,0.0000,-1.0000,0.1000,0.1392,0.0392,0,0,0,0,0,0,0,0
485,0.0000,0.0000,0.0000,0.0000,0.5029,0.5029,0,0,0,0,0,0,0,0
486,0.2500,0.5000,0.2500,0.0871,0.0625,-0.0246,0,0,0,0,2,-2,0,0
487,0.3333,0.4000,0.0667,0.0921,0.1176,0.0256,0,0,0,0,0,0,0,1
488,0.3333,0.3333,0.0000,0.0388,0.0041,-0.0347,0,0,0,0,0,0,0,1
489,0.3333,0.4000,0.0667,0.0413,0.0747,0.0335,0,0,0,0,0,0,0,0
490,0.0000,1.0000,1.0000,0.0000,0.0000,0.0000,0,0,0,0,0,0,0,0
491,0.0000,0.0000,0.0000,0.1304,0.0865,-0.0439,0,0,0,0,0,0,0,0
492,0.3333,0.3333,0.0000,0.1071,0.1200,0.0129,0,0,0,0,0,0,0,0
493,0.5000,0.5000,0.0000,0.0602,0.2333,0.1731,0,0,0,0,0,0,0,0
494,0.0000,0.0000,0.0000,0.0000,0.0274,0.0274,0,0,0,0,0,0,0,0
495,1.0000,1.0000,0.0000,0.0000,0.0000,0.0000,0,0,0,0,0,0,0,0
496,0.6667,1.0000,0.3333,0.0175,0.1359,0.1184,0,0,0,0,0,0,0,0
497,0.8000,1.0000,0.2000,0.1176,0.3067,0.1890,0,0,0,0,0,0,0,1
498,0.0000,0.0000,0.0000,0.2503,0.0000,-0.2503,0,0,0,0,0,0,0,0
499,1.0000,0.0000,-1.0000,0.0177,0.0286,0.0109,0,0,0,0,0,0,0,0
500,0.5000,0.4000,-0.1000,0.0685,0.0437,-0.0247,0,0,0,0,0,0,0,1
501,1.0000,1.0000,0.0000,0.0000,0.0000,0.0000,0,0,0,0,0,0,0,0
502,0.5000,0.0000,-0.5000,0.0000,1.0000,1.0000,0,0,0,0,0,0,0,0
503,1.0000,1.0000,0.0000,0.0057,0.0149,0.0092,0,0,0,0,0,0,0,1
504,0.3333,1.0000,0.6667,0.0327,0.0460,0.0133,0,0,0,0,0,0,0,0
505,0.0000,0.0000,0.0000,0.0000,0.0000,0.0000,0,0,0,0,0,0,0,0
506,0.0000,0.0000,0.0000,0.0000,0.0000,0.0000,0,0,0,0,0,0,0,0
507,0.0000,0.0000,0.0000,0.0548,0.0755,0.0207,0,0,0,0,0,0,1,1
508,0.0000,0.0000,0.0000,0.0968,0.0711,-0.0257,0,0,0,0,0,0,0,0
509,0.5000,0.4000,-0.1000,0.0340,0.0330,-0.0010,0,0,0,0,0,0,0,1
510,1.0000,1.0000,0.0000,0.0317,0.0205,-0.0112,0,0,0,0,0,0,0,0
511,0.0000,1.0000,1.0000,0.0000,0.0000,0.0000,0,0,0,0,0,0,0,0
512,0.5000,0.5000,0.0000,0.0000,0.0000,0.0000,0,0,0,0,0,0,0,0
513,0.2500,0.3333,0.0833,0.0358,0.0401,0.0043,1,0,-1,4,3,1,0,0
514,0.0000,0.0000,0.0000,0.7143,0.6250,-0.0893,0,0,0,0,0,0,0,0
515,0.0000,0.0000,0.0000,0.0364,0.3554,0.3190,0,0,0,0,0,0,0,0
516,1.0000,1.0000,0.0000,0.3333,0.3333,0.0000,0,0,0,0,0,0,0,0
517,0.4000,0.5000,0.1000,0.0973,0.1893,0.0920,0,0,0,1,0,1,0,0
518,0.0000,0.0000,0.0000,0.0000,0.0000,0.0000,0,0,0,0,0,0,0,0
519,0.2000,0.4000,0.2000,0.0412,0.0792,0.0380,0,0,0,0,0,0,0,0
520,0.0000,1.0000,1.0000,0.0000,0.0000,0.0000,0,0,0,0,0,0,1,0
521,0.0000,0.0000,0.0000,0.0000,0.0186,0.0186,0,0,0,1,0,1,0,0
522,0.0000,0.0000,0.0000,0.0000,0.2500,0.2500,0,0,0,0,0,0,0,0
523,0.0000,0.0000,0.0000,0.0444,0.0022,-0.0423,0,0,0,0,0,0,1,1
524,1.0000,1.0000,0.0000,0.0000,0.0714,0.0714,0,0,0,0,0,0,0,0
525,0.5000,0.5000,0.0000,0.0189,0.0000,-0.0189,0,0,0,0,0,0,0,0
526,1.0000,0.0000,-1.0000,0.0976,0.0779,-0.0196,0,0,0,1,0,1,0,1
527,0.0000,0.0000,0.0000,0.2422,0.0612,-0.1810,0,0,0,0,0,0,0,0
528,0.0000,1.0000,1.0000,0.0127,0.0000,-0.0127,0,0,0,0,0,0,0,0
529,0.0000,0.0000,0.0000,0.0000,0.0481,0.0481,0,0,0,0,0,0,0,0
530,0.5000,0.6000,0.1000,0.0243,0.1225,0.0983,0,0,0,0,0,0,1,1
531,0.0000,0.0000,0.0000,0.0058,0.0444,0.0387,0,0,0,0,0,0,0,0
532,0.3333,0.3333,0.0000,0.0083,0.0258,0.0175,0,0,0,0,0,0,0,0
533,0.5000,0.6667,0.1667,0.0643,0.8175,0.7532,0,0,0,0,0,0,0,0
534,0.5000,0.2500,-0.2500,0.1737,0.1875,0.0138,1,0,-1,1,0,1,1,0
535,0.5000,0.5000,0.0000,0.0000,0.0000,0.0000,0,0,0,0,0,0,0,0
536,0.0000,0.0000,0.0000,0.0125,0.0146,0.0021,0,0,0,0,0,0,0,0
537,0.4000,0.4000,0.0000,0.0934,0.0809,-0.0125,0,0,0,1,3,-2,0,0
538,1.0000,1.0000,0.0000,0.0000,0.7945,0.7945,0,0,0,0,0,0,0,0
539,0.2500,0.4000,0.1500,0.0029,0.0702,0.0673,0,0,0,0,2,-2,0,0
540,0.5000,0.2500,-0.2500,0.0350,0.2417,0.2067,0,0,0,0,0,0,0,0
541,0.0000,0.0000,0.0000,0.0124,0.0185,0.0061,0,0,0,0,0,0,0,0
542,0.0000,1.0000,1.0000,0.0538,1.0000,0.9462,0,0,0,1,0,1,1,0
543,1.0000,0.5000,-0.5000,0.0000,0.4091,0.4091,0,0,0,0,0,0,0,0
544,0.0000,0.0000,0.0000,0.0077,0.0164,0.0086,0,0,0,0,0,0,0,0
545,0.0000,1.0000,1.0000,0.0000,0.0000,0.0000,0,0,0,0,0,0,0,0
546,0.0000,0.0000,0.0000,0.0000,0.0026,0.0026,0,0,0,0,0,0,0,0
547,0.0000,0.0000,0.0000,0.0323,0.1087,0.0764,0,0,0,0,0,0,0,0
548,0.3333,0.4000,0.0667,0.0968,0.3621,0.2653,0,0,0,0,0,0,1,0
549,0.3333,0.5000,0.1667,0.1000,0.3103,0.2103,0,0,0,0,0,0,0,1
550,0.0000,0.0000,0.0000,0.0044,0.0214,0.0170,0,0,0,1,0,1,0,0
551,0.0000,0.0000,0.0000,0.0717,0.2174,0.1457,0,0,0,0,0,0,1,0
552,0.4000,0.4000,0.0000,0.1108,0.3519,0.2411,0,0,0,0,0,0,0,0
553,0.0000,0.0000,0.0000,0.0039,0.0071,0.0032,0,0,0,1,0,1,0,0
554,0.0000,0.0000,0.0000,0.0089,0.0038,-0.0051,0,0,0,0,0,0,0,0
555,1.0000,0.5000,-0.5000,0.5798,0.0113,-0.5685,0,0,0,0,0,0,0,0
556,0.5000,0.5000,0.0000,0.1136,0.2059,0.0922,0,0,0,0,0,0,0,0
557,0.4000,0.4000,0.0000,0.0459,0.0365,-0.0095,0,0,0,0,0,0,0,0
558,0.1667,0.2500,0.0833,0.1652,0.2123,0.0471,0,0,0,0,0,0,0,1
559,0.3333,0.5000,0.1667,0.0510,0.0519,0.0010,0,0,0,0,0,0,0,1
560,0.0000,0.0000,0.0000,0.0000,0.0000,0.0000,0,0,0,0,0,0,0,0
561,0.4000,0.4000,0.0000,0.1044,0.1304,0.0260,0,0,0,0,0,0,1,1
562,0.2500,0.2500,0.0000,0.0880,0.0988,0.0109,3,1,-2,4,0,4,1,0
563,0.0000,0.0000,0.0000,0.0000,0.0000,0.0000,0,0,0,0,0,0,0,0
564,0.6667,0.5000,-0.1667,0.0108,0.0260,0.0152,0,0,0,0,0,0,0,0
565,0.0000,0.0000,0.0000,0.1406,0.2381,0.0975,0,0,0,0,0,0,0,0
566,0.0000,0.0000,0.0000,0.0621,0.0030,-0.0592,0,0,0,0,0,0,0,0
567,0.2500,0.3333,0.0833,0.0088,0.0057,-0.0031,1,0,-1,0,2,-2,0,0
568,0.5000,0.5000,0.0000,0.4722,1.0000,0.5278,0,0,0,0,0,0,1,0
569,0.0000,0.0000,0.0000,0.1176,0.5962,0.4785,0,0,0,0,0,0,0,0
570,0.0000,0.0000,0.0000,0.0000,0.0000,0.0000,0,0,0,0,0,0,0,0
571,0.0000,0.0000,0.0000,0.2377,0.3306,0.0928,0,0,0,0,0,0,0,0
572,0.0000,0.0000,0.0000,0.0177,0.0217,0.0040,0,0,0,0,0,0,0,0
573,0.5000,0.5000,0.0000,0.1368,0.2112,0.0744,0,0,0,0,0,0,0,0
574,0.2500,0.3333,0.0833,0.0010,0.0048,0.0038,2,0,-2,0,0,0,0,0
575,0.6667,0.3333,-0.3333,0.0000,0.0059,0.0059,0,0,0,0,0,0,0,0
576,0.0000,0.0000,0.0000,0.0000,0.0000,0.0000,0,0,0,0,0,0,0,0
577,0.0000,1.0000,1.0000,0.0000,0.2500,0.2500,0,0,0,0,0,0,1,0
578,0.0000,0.0000,0.0000,0.1061,0.1250,0.0189,0,0,0,0,0,0,0,0
579,0.0000,0.0000,0.0000,0.0000,0.0000,0.0000,0,0,0,0,0,0,0,0
580,1.0000,0.2500,-0.7500,0.1514,0.1908,0.0394,0,0,0,1,0,1,0,0
581,0.2000,0.3333,0.1333,0.0012,0.0016,0.0003,0,0,0,0,0,0,0,1
582,0.0000,0.0000,0.0000,0.0000,0.0000,0.0000,0,0,0,0,0,0,0,0
583,0.3333,0.3333,0.0000,0.2276,0.2213,-0.0063,0,0,0,0,0,0,1,1
584,0.2000,0.2500,0.0500,0.0250,0.0505,0.0255,0,0,0,0,1,-1,0,0
585,0.0000,0.0000,0.0000,1.0000,1.0000,0.0000,0,0,0,0,0,0,0,0
586,0.0000,0.0000,0.0000,0.0079,0.1163,0.1083,0,0,0,0,0,0,1,1
587,0.0000,0.0000,0.0000,0.0058,0.0069,0.0011,0,0,0,1,0,1,0,0
588,1.0000,1.0000,0.0000,0.0000,0.0040,0.0040,0,0,0,3,0,3,0,1
589,0.0000,0.0000,0.0000,0.0000,0.0134,0.0134,0,0,0,0,0,0,0,1
590,0.6000,0.6000,0.0000,0.0330,0.1512,0.1183,0,0,0,0,0,0,0,0
591,0.0000,0.0000,0.0000,0.0000,0.0000,0.0000,0,0,0,0,0,0,0,0
592,1.0000,0.4000,-0.6000,0.1448,0.0000,-0.1448,0,0,0,0,0,0,1,0
593,0.5000,0.6000,0.1000,0.0000,0.1422,0.1422,0,0,0,0,0,0,0,1
594,0.7500,0.5000,-0.2500,0.1086,0.2594,0.1508,0,0,0,0,0,0,0,0
595,0.0000,1.0000,1.0000,0.0000,0.0678,0.0678,0,0,0,0,1,-1,0,0
596,0.2000,1.0000,0.8000,0.0461,0.2686,0.2224,0,0,0,0,0,0,0,0
597,0.0000,0.0000,0.0000,0.1284,0.1765,0.0480,0,0,0,0,0,0,0,0
598,0.3333,0.3333,0.0000,0.1000,0.0769,-0.0231,0,0,0,0,0,0,0,0
599,0.0000,0.0000,0.0000,0.0000,0.0000,0.0000,0,0,0,0,0,0,0,0
600,0.5000,0.5000,0.0000,0.2273,0.0000,-0.2273,0,0,0,0,0,0,0,0
601,1.0000,1.0000,0.0000,0.0000,0.0000,0.0000,0,0,0,0,0,0,0,0
602,0.0000,0.0000,0.0000,0.0000,0.3500,0.3500,0,0,0,0,0,0,0,0
603,1.0000,1.0000,0.0000,0.0000,0.0000,0.0000,0,0,0,0,0,0,0,1
604,0.5000,0.6000,0.1000,0.0050,0.7906,0.7856,0,0,0,0,1,-1,0,0
605,0.0000,0.0000,0.0000,0.0424,0.2650,0.2226,0,0,0,0,0,0,0,0
606,0.0000,0.0000,0.0000,0.0233,0.0833,0.0601,0,0,0,0,0,0,1,1
607,0.0000,0.0000,0.0000,0.0704,0.0833,0.0129,0,0,0,0,0,0,0,0
608,0.0000,0.0000,0.0000,0.7241,0.4444,-0.2797,0,0,0,0,0,0,0,0
609,0.0000,1.0000,1.0000,0.0062,0.0000,-0.0062,0,0,0,0,0,0,0,0
610,0.0000,0.0000,0.0000,0.0658,0.2766,0.2108,0,0,0,0,0,0,0,0
611,0.0000,0.0000,0.0000,0.0681,0.0364,-0.0317,0,0,0,0,0,0,0,0
612,0.6667,0.6667,0.0000,0.0675,0.1481,0.0806,0,0,0,0,1,-1,0,0
613,0.0000,0.0000,0.0000,1.0000,0.8000,-0.2000,0,0,0,0,0,0,0,0
614,1.0000,1.0000,0.0000,0.0000,0.0000,0.0000,0,0,0,0,0,0,0,0
615,0.5000,0.5000,0.0000,0.4203,0.1743,-0.2460,0,0,0,0,0,0,1,0
616,0.0000,0.3333,0.3333,0.0592,0.1014,0.0422,0,0,0,0,0,0,0,0
617,0.5000,0.5000,0.0000,0.0245,0.0076,-0.0169,0,0,0,0,0,0,0,0
618,0.4000,0.5000,0.1000,0.0744,0.2667,0.1922,0,0,0,0,0,0,1,1
619,0.5000,0.3333,-0.1667,0.1351,0.7059,0.5707,0,0,0,0,0,0,0,0
620,0.0000,0.0000,0.0000,0.1203,0.1939,0.0737,0,0,0,0,0,0,0,0
621,0.5000,1.0000,0.5000,0.0000,0.0000,0.0000,0,0,0,0,0,0,1,0
622,0.0000,1.0000,1.0000,0.0016,0.0222,0.0206,0,0,0,0,0,0,0,0
623,0.0000,0.3333,0.3333,0.0000,0.0254,0.0254,0,0,0,0,0,0,0,0
624,0.4000,0.2000,-0.2000,0.0687,0.0317,-0.0369,0,0,0,0,0,0,0,0
625,0.0000,0.0000,0.0000,0.0612,0.0379,-0.0233,0,0,0,0,0,0,0,0
626,0.3333,0.5000,0.1667,0.0023,0.0059,0.0037,0,0,0,1,0,1,0,1
627,0.2000,0.0000,-0.2000,0.0000,0.0000,0.0000,0,0,0,0,0,0,0,0
628,0.0000,0.0000,0.0000,0.7143,0.7143,0.0000,0,0,0,0,0,0,0,0
629,0.0000,0.0000,0.0000,0.0000,0.0000,0.0000,0,0,0,0,0,0,0,0
630,0.0000,0.0000,0.0000,0.0126,0.0407,0.0281,0,0,0,0,1,-1,0,0
631,0.2000,0.3333,0.1333,0.0000,0.0000,0.0000,0,0,0,0,0,0,1,1
632,0.2000,0.4000,0.2000,0.0859,0.1377,0.0517,0,0,0,0,0,0,0,0
633,0.6667,0.6667,0.0000,0.2000,0.0857,-0.1143,0,0,0,0,0,0,0,0
634,1.0000,1.0000,0.0000,0.1154,0.0000,-0.1154,0,0,0,0,0,0,0,0
635,0.4000,0.4000,0.0000,0.0751,0.0439,-0.0312,0,0,0,0,0,0,0,0
636,0.0000,1.0000,1.0000,0.0376,0.0984,0.0607,0,0,0,0,0,0,0,0
637,0.2500,0.2500,0.0000,0.0733,0.0536,-0.0198,0,0,0,0,0,0,0,0
638,0.2000,0.5000,0.3000,0.0066,0.1165,0.1099,0,0,0,0,0,0,0,0
639,0.0000,0.0000,0.0000,0.0387,0.0342,-0.0045,0,0,0,0,0,0,0,0
640,0.0000,1.0000,1.0000,0.0000,0.3846,0.3846,0,0,0,0,0,0,0,0
641,0.4000,0.3333,-0.0667,0.0306,0.0423,0.0117,0,2,2,1,2,-1,0,0
642,0.0000,0.0000,0.0000,0.0049,0.0300,0.0251,0,0,0,2,0,2,1,1
643,0.6000,0.6000,0.0000,0.0052,0.0238,0.0187,0,0,0,0,0,0,1,1
644,0.0000,1.0000,1.0000,0.0000,0.0000,0.0000,0,0,0,1,0,1,0,0
645,1.0000,1.0000,0.0000,0.1250,0.4146,0.2896,0,0,0,0,0,0,0,0
646,0.1667,0.2000,0.0333,0.0794,0.1193,0.0399,0,0,0,0,0,0,1,1
647,0.0000,0.0000,0.0000,0.0108,0.0000,-0.0108,0,0,0,0,0,0,0,0
648,0.0000,0.0000,0.0000,0.0391,0.1541,0.1150,0,0,0,1,1,0,0,0
649,0.3333,0.6667,0.3333,0.2090,0.3485,0.1395,0,0,0,0,0,0,0,0
650,0.2500,0.2500,0.0000,0.0099,0.0370,0.0271,0,0,0,0,0,0,0,0
651,0.6000,0.6000,0.0000,0.0174,0.0000,-0.0174,0,0,0,0,0,0,1,1
652,1.0000,0.0000,-1.0000,0.0441,1.0000,0.9559,0,0,0,0,0,0,0,0
653,1.0000,0.0000,-1.0000,0.0157,0.0159,0.0001,0,0,0,0,0,0,0,0
654,1.0000,1.0000,0.0000,0.0000,0.0000,0.0000,0,0,0,0,0,0,0,0
655,0.0000,0.0000,0.0000,0.0000,0.0000,0.0000,0,0,0,0,0,0,0,0
656,1.0000,1.0000,0.0000,0.0055,0.0304,0.0249,0,0,0,0,0,0,0,0
657,0.2000,0.4000,0.2000,0.1335,0.0320,-0.1015,0,0,0,0,2,-2,0,0
658,0.2000,0.2500,0.0500,0.0547,0.0421,-0.0125,1,0,-1,1,0,1,1,0
659,0.4000,0.6667,0.2667,0.0551,0.2290,0.1740,0,0,0,1,1,0,0,0
660,0.0000,0.0000,0.0000,0.0000,0.0020,0.0020,0,0,0,0,0,0,0,0
661,0.3333,0.0000,-0.3333,0.1818,0.2778,0.0960,0,0,0,0,0,0,0,0
662,0.0000,0.0000,0.0000,0.0068,0.0155,0.0087,0,0,0,0,0,0,0,0
663,0.0000,0.0000,0.0000,0.0679,0.0852,0.0173,1,0,-1,0,0,0,1,0
664,0.6667,0.3333,-0.3333,0.2542,0.1818,-0.0724,0,0,0,0,0,0,0,0
665,0.4000,0.6000,0.2000,0.0604,0.1283,0.0679,0,0,0,0,1,-1,0,0
666,0.3333,0.5000,0.1667,0.0192,0.0930,0.0739,0,0,0,0,0,0,0,0
667,0.5000,0.5000,0.0000,0.1781,0.0000,-0.1781,0,0,0,0,0,0,0,0
668,1.0000,1.0000,0.0000,0.0000,0.0000,0.0000,0,0,0,0,0,0,0,0
669,1.0000,0.5000,-0.5000,0.1073,0.1429,0.0355,0,0,0,0,0,0,0,0
670,0.6667,0.5000,-0.1667,0.0142,0.0953,0.0811,2,0,-2,2,1,1,0,0
671,0.5000,0.4000,-0.1000,0.0468,0.2103,0.1635,0,0,0,0,0,0,0,0
672,0.3333,0.3333,0.0000,0.0403,0.1888,0.1485,0,0,0,0,0,0,0,0
673,0.5000,0.5000,0.0000,0.0132,0.0894,0.0762,0,0,0,0,0,0,0,0
674,0.0000,0.0000,0.0000,0.0095,0.0021,-0.0074,0,0,0,0,0,0,0,0
675,0.0000,0.0000,0.0000,0.0323,0.3000,0.2677,0,0,0,0,0,0,0,0
676,0.0000,0.3333,0.3333,0.0822,0.0833,0.0011,0,0,0,0,0,0,0,0
677,0.8000,0.4000,-0.4000,0.0392,0.0851,0.0459,0,0,0,0,0,0,0,0
678,0.0000,1.0000,1.0000,0.0000,0.0000,0.0000,0,0,0,0,0,0,0,0
679,0.0000,0.0000,0.0000,0.0000,0.0000,0.0000,0,0,0,0,0,0,0,0
680,0.0000,0.0000,0.0000,0.0000,0.0111,0.0111,0,0,0,0,2,-2,0,1
681,1.0000,1.0000,0.0000,1.0000,1.0000,0.0000,0,0,0,0,0,0,0,0
682,0.0000,0.0000,0.0000,0.0000,0.0000,0.0000,0,0,0,0,0,0,0,0
683,0.5000,0.2500,-0.2500,0.1684,0.0296,-0.1388,0,0,0,1,3,-2,0,0
684,0.2500,0.5000,0.2500,0.0717,0.0801,0.0083,0,0,0,0,0,0,0,0
685,0.8000,0.5000,-0.3000,0.1955,0.3286,0.1330,0,0,0,0,0,0,0,0
686,0.2000,0.2500,0.0500,0.1243,0.3224,0.1980,0,0,0,0,0,0,0,0
687,0.8000,0.8000,0.0000,0.1245,0.2927,0.1682,0,0,0,0,0,0,1,1
688,0.0000,0.0000,0.0000,0.3333,0.0000,-0.3333,0,0,0,0,0,0,0,0
689,0.0000,0.0000,0.0000,0.0128,0.0089,-0.0039,0,0,0,0,0,0,0,0
690,0.0000,0.0000,0.0000,0.0000,0.0000,0.0000,0,0,0,0,0,0,0,0
691,0.0000,0.0000,0.0000,0.3494,0.5625,0.2131,0,0,0,0,0,0,0,0
692,0.0000,0.0000,0.0000,0.0854,0.0000,-0.0854,0,0,0,1,0,1,0,0
693,0.0000,1.0000,1.0000,0.0849,0.0250,-0.0599,0,0,0,0,0,0,0,0
694,0.3333,0.6667,0.3333,0.0556,0.0476,-0.0079,0,0,0,0,0,0,0,0
695,0.3333,0.5000,0.1667,0.9524,0.0823,-0.8701,0,0,0,0,0,0,0,1
696,0.0000,0.5000,0.5000,0.2000,0.2424,0.0424,0,0,0,0,0,0,0,0
697,0.6667,0.5000,-0.1667,0.0341,0.0802,0.0461,0,0,0,0,0,0,0,0
698,0.0000,0.0000,0.0000,0.0776,0.0625,-0.0151,0,0,0,0,0,0,0,0
699,0.0000,1.0000,1.0000,0.0078,0.0339,0.0261,0,0,0,0,0,0,0,0
700,1.0000,1.0000,0.0000,0.0606,0.0164,-0.0442,0,0,0,0,1,-1,0,0
701,0.0000,0.0000,0.0000,0.0000,0.0000,0.0000,0,0,0,0,0,0,0,0
702,0.0000,0.0000,0.0000,0.0000,0.0000,0.0000,0,0,0,0,0,0,0,1
703,0.0000,0.0000,0.0000,0.0037,0.0000,-0.0037,0,0,0,0,0,0,0,0
704,0.0000,0.0000,0.0000,0.0187,0.0554,0.0367,0,0,0,0,0,0,0,0
705,0.0000,0.0000,0.0000,0.0000,1.0000,1.0000,0,0,0,0,0,0,0,0
706,0.3333,0.2500,-0.0833,0.0728,0.1014,0.0286,0,0,0,0,1,-1,0,0
707,0.2000,0.5000,0.3000,0.0774,0.0597,-0.0178,0,0,0,0,0,0,0,0
708,0.0000,0.0000,0.0000,0.0000,0.0000,0.0000,0,0,0,0,0,0,1,1
709,0.0000,0.0000,0.0000,0.0000,0.0000,0.0000,0,0,0,0,0,0,0,0
710,0.6667,0.6667,0.0000,0.2200,0.1507,-0.0693,0,0,0,0,0,0,0,0
711,0.0000,0.0000,0.0000,0.0075,0.0978,0.0904,0,0,0,0,0,0,0,0
712,0.0000,0.0000,0.0000,0.0000,0.0000,0.0000,0,0,0,0,0,0,0,0
713,0.3333,0.0000,-0.3333,0.0952,0.0000,-0.0952,0,0,0,0,0,0,0,0
714,0.3333,0.6000,0.2667,0.0326,0.0853,0.0527,0,0,0,0,0,0,0,0
715,0.6000,0.8000,0.2000,0.0078,0.0000,-0.0078,0,0,0,0,0,0,0,0
716,0.0000,0.0000,0.0000,0.0588,0.0000,-0.0588,0,0,0,0,0,0,0,0
717,0.0000,0.0000,0.0000,0.0000,0.0122,0.0122,0,0,0,0,0,0,0,0
718,0.0000,0.0000,0.0000,0.1429,0.1429,0.0000,0,0,0,0,0,0,0,0
719,0.0000,0.0000,0.0000,0.1750,0.1571,-0.0179,0,0,0,0,0,0,0,0
720,0.0000,0.0000,0.0000,0.1091,0.2241,0.1150,0,0,0,0,0,0,0,0
721,0.5000,0.0000,-0.5000,0.5385,1.0000,0.4615,0,0,0,0,0,0,0,0
722,0.0000,0.0000,0.0000,0.0000,0.0000,0.0000,0,0,0,0,0,0,0,0
723,0.0000,0.0000,0.0000,0.0078,0.0022,-0.0056,0,0,0,0,1,-1,0,0
724,0.0000,0.0000,0.0000,0.0000,0.0000,0.0000,0,0,0,0,0,0,1,1
725,1.0000,1.0000,0.0000,0.0000,0.0078,0.0078,0,0,0,0,0,0,0,0
726,0.5000,0.5000,0.0000,0.0000,0.0000,0.0000,0,0,0,0,0,0,0,0
727,0.0000,0.0000,0.0000,0.0000,0.0000,0.0000,0,0,0,0,0,0,0,0
728,0.5000,0.5000,0.0000,0.0075,0.0381,0.0306,0,0,0,0,0,0,0,0
729,0.0000,0.0000,0.0000,0.0274,0.9302,0.9028,0,0,0,0,0,0,0,0
730,0.0000,0.0000,0.0000,0.0297,0.0222,-0.0075,0,0,0,1,0,1,0,0
731,1.0000,1.0000,0.0000,0.0000,0.4865,0.4865,0,0,0,1,0,1,0,0
732,0.0000,1.0000,1.0000,0.0000,0.0000,0.0000,0,0,0,1,0,1,0,0
733,0.0000,0.6667,0.6667,0.0000,0.1000,0.1000,0,0,0,0,0,0,0,0
734,0.5000,0.5000,0.0000,0.0000,0.0000,0.0000,0,0,0,0,0,0,0,0
735,0.3333,0.5000,0.1667,0.0241,0.0367,0.0126,0,0,0,0,0,0,0,0
736,0.5000,0.2500,-0.2500,0.0435,0.0082,-0.0352,0,1,1,0,3,-3,0,1
737,0.8000,0.8000,0.0000,0.1113,0.1481,0.0368,0,0,0,0,0,0,0,0
738,1.0000,0.0000,-1.0000,0.0000,0.0000,0.0000,0,0,0,0,0,0,0,0
739,0.5000,1.0000,0.5000,0.2319,0.3774,0.1455,0,0,0,1,0,1,0,0
740,0.5000,0.0000,-0.5000,0.0563,0.2857,0.2294,0,0,0,0,0,0,1,0
741,0.0000,1.0000,1.0000,0.0000,0.1212,0.1212,0,0,0,1,0,1,0,0
742,0.0000,1.0000,1.0000,0.0000,0.0000,0.0000,0,0,0,1,0,1,0,0
743,0.2000,0.4000,0.2000,0.0584,0.1549,0.0965,0,0,0,1,0,1,0,0
744,0.0000,0.0000,0.0000,0.0000,0.0938,0.0938,0,0,0,0,0,0,0,1
745,0.4000,0.2500,-0.1500,0.0398,0.1032,0.0635,0,0,0,1,0,1,0,0
746,0.0000,0.0000,0.0000,0.0096,0.0188,0.0092,0,0,0,0,4,-4,0,0
747,0.4000,0.2000,-0.2000,0.0718,0.0438,-0.0280,0,0,0,1,0,1,0,0
748,0.5000,0.0000,-0.5000,0.0000,1.0000,1.0000,0,0,0,0,0,0,0,0
749,0.0000,0.0000,0.0000,0.0354,0.0568,0.0214,0,0,0,0,0,0,1,1
750,0.0000,1.0000,1.0000,0.1346,0.0494,-0.0852,0,0,0,0,0,0,0,0
751,0.4000,0.3333,-0.0667,0.2000,0.1065,-0.0935,0,0,0,0,2,-2,0,0
752,0.2500,0.0000,-0.2500,0.0583,0.0305,-0.0277,0,0,0,1,0,1,0,0
753,1.0000,0.0000,-1.0000,0.0000,0.0698,0.0698,0,0,0,0,0,0,0,0
754,0.0000,0.0000,0.0000,0.0000,0.0370,0.0370,0,0,0,0,0,0,0,0
755,1.0000,0.0000,-1.0000,0.0000,0.0000,0.0000,0,0,0,0,0,0,0,1
756,1.0000,0.0000,-1.0000,0.0000,0.0051,0.0051,0,0,0,0,0,0,0,0
757,1.0000,1.0000,0.0000,0.1290,0.1905,0.0614,0,0,0,0,0,0,0,0
758,0.0000,0.0000,0.0000,0.1098,0.0642,-0.0457,0,0,0,0,0,0,0,0
759,0.0000,0.0000,0.0000,0.0934,0.0909,-0.0025,0,0,0,0,0,0,0,0
760,0.0000,0.0000,0.0000,0.0000,0.0000,0.0000,0,0,0,0,0,0,0,0
761,1.0000,1.0000,0.0000,0.0000,0.1463,0.1463,0,0,0,0,0,0,0,0
762,0.5000,0.4000,-0.1000,0.2511,0.1828,-0.0683,0,0,0,0,0,0,0,0
763,0.0000,0.0000,0.0000,0.0994,0.0364,-0.0631,0,0,0,0,0,0,0,0
764,0.0000,0.0000,0.0000,0.0270,0.0000,-0.0270,0,0,0,0,1,-1,0,0
765,0.2500,0.2500,0.0000,0.0051,0.0000,-0.0051,0,0,0,0,0,0,1,1
766,0.5000,0.5000,0.0000,0.0000,0.0000,0.0000,0,0,0,0,0,0,0,0
767,1.0000,1.0000,0.0000,0.5000,0.5833,0.0833,0,0,0,0,0,0,0,0
768,1.0000,0.0000,-1.0000,0.0667,1.0000,0.9333,0,0,0,0,0,0,0,0
769,0.0000,0.0000,0.0000,0.2160,0.1238,-0.0923,0,0,0,0,0,0,0,0
770,0.5000,0.4000,-0.1000,0.1889,0.0603,-0.1286,0,0,0,0,0,0,1,0
771,0.2500,0.3333,0.0833,0.0014,0.0011,-0.0003,0,0,0,3,0,3,0,0
772,0.2500,0.3333,0.0833,0.0000,0.1207,0.1207,0,0,0,0,0,0,0,0
773,0.7500,0.7500,0.0000,0.0969,0.0547,-0.0422,0,0,0,0,0,0,0,0
774,0.0000,0.0000,0.0000,0.0000,0.0175,0.0175,0,0,0,0,1,-1,0,0
775,0.0000,0.0000,0.0000,0.0000,0.7000,0.7000,0,0,0,0,0,0,0,0
776,0.2000,0.2000,0.0000,0.0793,0.0647,-0.0146,0,0,0,3,2,1,0,0
777,1.0000,1.0000,0.0000,0.0000,0.0000,0.0000,0,0,0,0,0,0,0,0
778,0.3333,0.5000,0.1667,0.0000,0.0000,0.0000,0,0,0,0,0,0,1,0
779,1.0000,0.5000,-0.5000,0.0000,0.0303,0.0303,0,0,0,0,0,0,0,0
780,0.0000,0.0000,0.0000,0.1940,0.1952,0.0012,0,0,0,0,0,0,0,0
781,0.0000,0.0000,0.0000,0.0728,0.0505,-0.0223,0,0,0,0,0,0,0,0
782,1.0000,1.0000,0.0000,0.0625,0.0000,-0.0625,0,0,0,0,0,0,0,0
783,0.2000,0.2000,0.0000,0.0581,0.1039,0.0458,0,0,0,0,4,-4,0,0
784,0.0000,0.0000,0.0000,0.0000,0.0741,0.0741,0,0,0,0,0,0,0,1
785,0.0000,0.0000,0.0000,0.0308,0.1163,0.0855,0,0,0,0,0,0,0,0
786,0.0000,0.0000,0.0000,0.0557,0.0783,0.0226,0,0,0,0,0,0,0,1
787,0.0000,0.0000,0.0000,0.0090,0.0240,0.0150,0,0,0,0,0,0,0,1
788,0.2500,0.5000,0.2500,0.1170,0.0516,-0.0654,1,0,-1,0,0,0,0,0
789,0.4000,0.4000,0.0000,0.0337,0.0647,0.0310,0,0,0,0,2,-2,0,0
790,0.6667,0.6667,0.0000,0.3462,0.2000,-0.1462,0,0,0,0,0,0,0,0
791,0.0000,0.0000,0.0000,0.0000,0.0000,0.0000,0,0,0,0,0,0,0,0
792,1.0000,1.0000,0.0000,0.0537,0.3348,0.2811,0,0,0,1,1,0,1,0
793,1.0000,1.0000,0.0000,0.0000,0.0000,0.0000,0,0,0,0,0,0,0,0
794,0.0000,0.0000,0.0000,0.0011,0.0165,0.0154,0,0,0,1,0,1,1,1
795,1.0000,0.2000,-0.8000,0.0930,0.0049,-0.0882,0,0,0,0,1,-1,0,0
796,1.0000,1.0000,0.0000,0.0000,0.0000,0.0000,0,0,0,0,0,0,1,1
797,0.0000,0.0000,0.0000,0.0000,0.4167,0.4167,0,0,0,0,0,0,0,0
798,0.5000,0.3333,-0.1667,0.1377,0.3833,0.2456,0,0,0,0,0,0,1,1
799,0.5000,0.5000,0.0000,0.0145,0.0060,-0.0085,0,0,0,0,1,-1,0,0
800,0.8000,0.6667,-0.1333,0.0644,0.0657,0.0012,0,0,0,0,0,0,0,1
801,0.0000,0.0000,0.0000,0.0000,0.2632,0.2632,0,0,0,0,0,0,0,0
802,0.0000,0.0000,0.0000,0.0000,0.0199,0.0199,0,0,0,0,0,0,0,0
803,0.0000,0.0000,0.0000,0.1000,0.1394,0.0394,0,0,0,0,0,0,0,0
804,1.0000,1.0000,0.0000,0.0000,0.0000,0.0000,0,0,0,0,0,0,0,0
805,1.0000,1.0000,0.0000,0.0714,0.1034,0.0320,0,0,0,0,0,0,0,0
806,1.0000,1.0000,0.0000,0.0000,0.5106,0.5106,0,0,0,0,0,0,0,0
807,1.0000,1.0000,0.0000,0.0217,0.0833,0.0616,0,0,0,0,0,0,0,0
808,0.2500,0.3333,0.0833,0.0267,0.0333,0.0067,0,0,0,0,0,0,0,0
809,1.0000,0.0000,-1.0000,0.0227,0.0000,-0.0227,0,0,0,0,0,0,0,0
810,0.0000,0.0000,0.0000,0.0000,1.0000,1.0000,0,0,0,0,0,0,0,0
811,0.6000,0.6000,0.0000,0.0614,0.1502,0.0887,0,0,0,0,0,0,0,0
812,0.6000,0.3333,-0.2667,0.0093,0.1217,0.1124,0,0,0,0,0,0,0,0
813,0.6667,1.0000,0.3333,0.1492,0.6977,0.5485,0,0,0,1,0,1,0,0
814,0.5000,0.4000,-0.1000,0.0997,0.0610,-0.0387,0,0,0,1,1,0,0,0
815,1.0000,1.0000,0.0000,0.5000,1.0000,0.5000,0,0,0,0,0,0,0,0
816,0.2000,0.2000,0.0000,0.1270,0.1571,0.0302,0,0,0,0,0,0,1,1
817,0.3333,0.3333,0.0000,0.0690,0.0331,-0.0358,0,0,0,0,0,0,0,0
818,0.6000,0.5000,-0.1000,0.0725,0.1197,0.0472,0,0,0,0,1,-1,1,0
819,1.0000,0.0000,-1.0000,0.0000,0.0000,0.0000,0,0,0,0,0,0,0,0
820,0.0000,0.0000,0.0000,0.0000,0.0000,0.0000,0,0,0,0,0,0,0,0
821,0.0000,0.0000,0.0000,0.0000,0.0419,0.0419,0,0,0,0,0,0,0,1
822,0.5000,0.0000,-0.5000,0.0000,0.0000,0.0000,0,0,0,0,0,0,0,0
823,0.6667,0.3333,-0.3333,0.0612,0.0435,-0.0177,0,0,0,0,0,0,1,0
824,1.0000,1.0000,0.0000,0.0091,0.0094,0.0003,0,0,0,2,0,2,0,0
825,0.0000,0.0000,0.0000,0.4375,0.9423,0.5048,0,0,0,0,0,0,0,0
826,0.0000,0.0000,0.0000,0.1750,0.2295,0.0545,0,0,0,0,0,0,0,0
827,0.5000,1.0000,0.5000,0.0061,0.0202,0.0141,0,0,0,0,0,0,0,0
828,0.0000,0.0000,0.0000,0.0364,0.1923,0.1559,0,0,0,1,0,1,0,0
829,0.3333,0.3333,0.0000,0.0000,0.0000,0.0000,0,0,0,0,0,0,1,1
830,0.0000,0.0000,0.0000,0.0068,0.0494,0.0426,0,0,0,0,0,0,0,0
831,0.0000,0.0000,0.0000,0.0000,0.0000,0.0000,0,0,0,0,0,0,0,0
832,0.5000,0.0000,-0.5000,0.0000,0.0208,0.0208,0,0,0,0,1,-1,0,0
833,0.4000,0.3333,-0.0667,0.0924,0.0056,-0.0868,0,0,0,0,2,-2,0,0
834,0.2000,0.2500,0.0500,0.0145,0.0951,0.0806,0,0,0,0,1,-1,0,0
835,0.0000,0.0000,0.0000,0.0000,0.0000,0.0000,0,0,0,0,0,0,0,0
836,1.0000,1.0000,0.0000,0.0000,0.0000,0.0000,0,0,0,0,0,0,0,0
837,0.0000,1.0000,1.0000,0.0000,0.1000,0.1000,0,0,0,0,0,0,0,0
838,0.0000,0.0000,0.0000,0.0469,0.0408,-0.0061,0,0,0,0,0,0,0,0
839,0.3333,0.6667,0.3333,0.1071,0.3750,0.2679,0,0,0,0,0,0,0,0
840,0.0000,1.0000,1.0000,0.0000,0.0000,0.0000,0,0,0,0,0,0,0,0
841,0.0000,0.0000,0.0000,0.0521,0.1197,0.0675,0,0,0,0,0,0,0,0
842,0.0000,0.0000,0.0000,0.0000,0.3571,0.3571,0,0,0,0,0,0,0,0
843,0.0000,0.0000,0.0000,0.0000,1.0000,1.0000,0,0,0,0,0,0,0,0
844,0.0000,0.0000,0.0000,0.0625,0.1346,0.0721,0,0,0,0,0,0,1,1
845,0.5000,0.5000,0.0000,0.0833,0.1765,0.0931,0,0,0,0,0,0,0,0
846,0.6667,0.8000,0.1333,0.0845,0.1310,0.0465,0,0,0,0,0,0,0,1
847,0.0000,0.5000,0.5000,0.0167,0.8240,0.8073,0,0,0,0,0,0,0,0
848,0.0000,0.0000,0.0000,0.2546,0.0763,-0.1783,0,0,0,2,0,2,0,0
849,0.0000,0.0000,0.0000,0.0658,0.2000,0.1342,0,0,0,0,0,0,0,0
850,0.0000,0.0000,0.0000,0.0929,0.0735,-0.0193,0,0,0,0,0,0,0,0
851,0.0000,0.0000,0.0000,0.0298,0.0090,-0.0208,0,0,0,2,0,2,0,0
852,0.0000,0.0000,0.0000,0.0000,0.0000,0.0000,0,0,0,0,0,0,0,0
853,0.1667,0.2000,0.0333,0.0291,0.0196,-0.0095,0,0,0,0,0,0,0,0
854,0.0000,0.0000,0.0000,0.4545,0.8571,0.4026,0,0,0,0,0,0,0,0
855,0.0000,0.0000,0.0000,0.0059,0.0074,0.0015,0,0,0,0,0,0,0,0
856,0.0000,0.0000,0.0000,0.0154,0.0203,0.0049,0,0,0,0,0,0,0,0
857,0.0000,0.0000,0.0000,0.0347,0.0048,-0.0299,0,0,0,0,0,0,1,1
858,0.0000,0.0000,0.0000,0.0000,1.0000,1.0000,0,0,0,0,0,0,1,0
859,0.0000,0.0000,0.0000,0.0085,0.0000,-0.0085,0,0,0,0,0,0,1,1
860,0.0000,0.0000,0.0000,0.0546,0.1082,0.0535,0,0,0,0,0,0,0,0
861,0.2500,0.2500,0.0000,0.3146,0.2343,-0.0803,0,1,1,0,0,0,0,0
862,1.0000,0.5000,-0.5000,0.0203,0.8529,0.8327,0,0,0,2,0,2,0,0
863,1.0000,0.5000,-0.5000,0.0000,0.0000,0.0000,0,0,0,0,0,0,0,0
864,0.3333,0.2000,-0.1333,0.0947,0.1097,0.0150,0,0,0,0,0,0,0,0
865,0.0000,1.0000,1.0000,0.0276,0.0000,-0.0276,0,0,0,1,0,1,1,0
866,0.0000,0.0000,0.0000,0.0637,0.1127,0.0490,0,0,0,0,0,0,0,1
867,0.4000,0.4000,0.0000,0.0409,0.1391,0.0983,0,0,0,0,0,0,0,0
868,0.0000,0.0000,0.0000,0.0000,0.0000,0.0000,0,0,0,0,0,0,0,0
869,0.5000,0.3333,-0.1667,0.0777,0.0058,-0.0719,0,0,0,0,0,0,1,1
870,0.4000,0.2000,-0.2000,0.0772,0.1657,0.0885,0,0,0,0,0,0,0,0
871,0.0000,0.0000,0.0000,0.0184,0.0248,0.0063,2,0,-2,0,0,0,1,0
872,0.3333,0.3333,0.0000,0.0295,0.0456,0.0161,0,0,0,0,0,0,0,0
873,1.0000,0.0000,-1.0000,0.0000,0.0000,0.0000,0,0,0,0,0,0,0,0
874,1.0000,0.0000,-1.0000,0.1053,0.0235,-0.0817,0,0,0,0,0,0,0,0
875,0.5000,0.6000,0.1000,0.0058,0.0107,0.0049,0,0,0,0,0,0,1,0
876,0.5000,0.4000,-0.1000,0.0203,0.1370,0.1168,0,0,0,0,0,0,0,0
877,0.0000,0.0000,0.0000,0.5000,0.0000,-0.5000,0,0,0,0,0,0,0,0
878,0.0000,1.0000,1.0000,0.0408,0.0000,-0.0408,0,0,0,0,0,0,0,0
879,0.5000,0.2500,-0.2500,0.0640,0.0818,0.0178,0,0,0,1,2,-1,0,0
880,0.0000,0.0000,0.0000,0.0048,0.0028,-0.0020,0,0,0,0,1,-1,0,0
881,0.0000,0.0000,0.0000,0.1101,0.1022,-0.0080,0,0,0,0,0,0,0,0
882,0.0000,0.0000,0.0000,0.1036,0.0126,-0.0909,1,0,-1,0,0,0,0,0
883,1.0000,0.5000,-0.5000,0.0287,0.0686,0.0399,0,0,0,0,0,0,1,1
884,0.0000,0.0000,0.0000,0.1329,0.0662,-0.0667,0,0,0,2,0,2,0,0
885,1.0000,0.3333,-0.6667,0.3091,0.2273,-0.0818,0,0,0,0,0,0,0,0
886,0.0000,1.0000,1.0000,0.0033,0.0000,-0.0033,0,0,0,0,0,0,0,0
887,0.2500,0.2500,0.0000,0.1100,0.1099,-0.0001,0,0,0,0,0,0,0,0
888,0.5000,0.5000,0.0000,0.0139,0.0417,0.0277,0,0,0,1,0,1,0,0
889,0.0000,0.0000,0.0000,0.0000,0.0388,0.0388,0,0,0,0,0,0,0,0
890,0.2000,0.2000,0.0000,0.0235,0.0617,0.0382,0,0,0,0,0,0,0,0
891,0.0000,0.0000,0.0000,0.1297,0.3457,0.2159,0,0,0,0,0,0,0,0
892,0.0000,0.0000,0.0000,0.0735,0.0325,-0.0410,0,0,0,0,0,0,0,0
893,1.0000,0.0000,-1.0000,0.2222,0.9000,0.6778,0,0,0,0,0,0,0,0
894,0.0000,1.0000,1.0000,0.0000,0.0003,0.0003,0,0,0,0,0,0,0,0
895,0.0000,0.0000,0.0000,0.0773,0.1322,0.0549,0,0,0,0,0,0,1,1
896,0.2500,0.5000,0.2500,0.0181,0.0561,0.0379,0,0,0,1,0,1,0,0
897,0.0000,0.0000,0.0000,0.0043,0.0054,0.0011,0,0,0,1,0,1,0,0
898,0.2000,0.4000,0.2000,0.1500,0.0227,-0.1273,0,0,0,0,0,0,1,0
899,1.0000,1.0000,0.0000,0.0000,0.0000,0.0000,0,0,0,0,0,0,0,0
900,0.0000,0.0000,0.0000,0.0167,0.0038,-0.0130,0,0,0,0,0,0,0,0
901,0.0000,0.0000,0.0000,0.0780,0.1061,0.0280,0,0,0,0,0,0,1,1
902,0.2000,0.2000,0.0000,0.0341,0.0616,0.0275,0,0,0,0,0,0,0,0
903,0.0000,0.0000,0.0000,0.0571,0.1585,0.1014,0,0,0,0,0,0,0,1
904,1.0000,0.3333,-0.6667,0.0580,0.2915,0.2335,0,0,0,0,0,0,1,0
905,0.0000,0.0000,0.0000,0.0000,0.0385,0.0385,0,0,0,0,0,0,0,0
906,0.5000,1.0000,0.5000,0.0000,0.0000,0.0000,0,0,0,0,0,0,0,0
907,0.6000,0.6000,0.0000,0.0384,0.0544,0.0160,0,0,0,0,0,0,0,0
908,0.0000,0.0000,0.0000,0.0145,0.0037,-0.0108,0,0,0,0,0,0,0,0
909,1.0000,0.0000,-1.0000,0.0000,0.0028,0.0028,0,0,0,0,0,0,0,0
910,0.0000,0.0000,0.0000,0.0000,0.6667,0.6667,0,0,0,0,0,0,0,0
911,0.4000,0.4000,0.0000,0.1742,0.1815,0.0073,0,0,0,0,4,-4,0,0
912,1.0000,0.0000,-1.0000,0.0000,0.0000,0.0000,0,0,0,0,0,0,0,0
913,0.2500,0.6667,0.4167,0.0824,0.0718,-0.0105,0,0,0,1,0,1,0,0
914,0.5000,0.5000,0.0000,0.0000,0.0000,0.0000,0,0,0,0,0,0,0,0
915,0.0000,0.0000,0.0000,0.6667,0.7500,0.0833,0,0,0,0,0,0,0,0
916,0.0000,0.0000,0.0000,0.0163,0.0314,0.0151,0,0,0,0,0,0,0,1
917,0.0000,0.0000,0.0000,0.1020,0.0337,-0.0683,0,0,0,0,0,0,1,0
918,0.5000,0.6000,0.1000,0.0301,0.1078,0.0777,0,0,0,0,0,0,0,0
919,0.0000,0.0000,0.0000,0.1370,0.1538,0.0169,0,0,0,0,0,0,1,1
920,0.0000,0.0000,0.0000,0.0000,0.0000,0.0000,0,0,0,0,0,0,0,0
921,0.3333,0.0000,-0.3333,0.1739,0.0000,-0.1739,0,0,0,0,0,0,0,0
922,0.0000,0.0000,0.0000,0.0000,0.0000,0.0000,0,0,0,0,0,0,0,0
923,1.0000,1.0000,0.0000,0.0000,0.0000,0.0000,0,0,0,0,0,0,0,0
924,0.0000,0.0000,0.0000,0.0000,0.0000,0.0000,0,0,0,0,0,0,0,0
925,0.3333,0.0000,-0.3333,0.0114,0.0394,0.0280,0,0,0,0,0,0,0,0
926,0.0000,0.0000,0.0000,0.0000,0.0000,0.0000,0,0,0,0,0,0,0,0
927,0.6000,0.4000,-0.2000,0.2295,0.4000,0.1705,0,0,0,0,0,0,1,0
928,0.0000,0.0000,0.0000,0.1388,0.0863,-0.0524,0,0,0,0,0,0,0,0
929,0.0000,0.0000,0.0000,0.0505,0.0712,0.0206,0,0,0,0,0,0,1,1
930,0.6667,0.0000,-0.6667,0.0545,1.0000,0.9455,0,0,0,0,0,0,0,0
931,0.0000,0.0000,0.0000,0.0412,0.0725,0.0312,0,0,0,0,1,-1,0,0
932,0.0000,0.0000,0.0000,0.0986,0.0244,-0.0742,0,0,0,0,0,0,0,0
933,1.0000,1.0000,0.0000,0.0857,0.0566,-0.0291,0,0,0,0,0,0,0,0
934,0.3333,0.0000,-0.3333,0.0000,0.0000,0.0000,0,0,0,0,0,0,1,0
935,0.4000,0.4000,0.0000,0.0113,0.0000,-0.0113,0,0,0,0,0,0,0,0
936,0.0000,0.0000,0.0000,0.0000,0.0000,0.0000,0,0,0,0,0,0,0,0
937,0.4000,0.4000,0.0000,0.0654,0.0596,-0.0059,0,0,0,0,0,0,0,0
938,1.0000,1.0000,0.0000,0.0000,0.0000,0.0000,0,0,0,0,0,0,0,1
939,0.0000,0.0000,0.0000,0.1386,0.3493,0.2107,0,0,0,0,0,0,0,0
940,0.0000,0.0000,0.0000,0.0459,0.1322,0.0864,0,0,0,0,0,0,0,1
941,1.0000,1.0000,0.0000,0.0606,0.0000,-0.0606,0,0,0,0,0,0,0,0
942,1.0000,0.0000,-1.0000,0.0000,0.0235,0.0235,0,0,0,0,0,0,0,0
943,0.2000,0.2000,0.0000,0.1075,0.1000,-0.0075,0,0,0,0,0,0,1,1
944,0.0000,1.0000,1.0000,0.0000,0.0000,0.0000,0,0,0,0,0,0,0,0
945,0.0000,1.0000,1.0000,0.0031,0.0256,0.0226,0,0,0,1,0,1,0,0
946,0.2500,0.2500,0.0000,0.0544,0.1238,0.0695,2,0,-2,1,1,0,0,0
947,0.0000,1.0000,1.0000,0.0000,0.0000,0.0000,0,0,0,0,0,0,0,0
948,0.0000,0.3333,0.3333,0.0417,0.0284,-0.0133,0,0,0,0,0,0,0,0
949,0.0000,0.2500,0.2500,0.1176,0.1778,0.0601,0,0,0,0,0,0,0,0
950,0.2500,0.3333,0.0833,0.0207,0.1304,0.1097,0,0,0,0,0,0,0,0
951,0.0000,0.0000,0.0000,0.0000,0.0000,0.0000,0,0,0,0,0,0,0,0
952,1.0000,1.0000,0.0000,0.0411,0.9720,0.9309,0,0,0,1,2,-1,0,0
953,0.0000,0.0000,0.0000,0.0000,0.0036,0.0036,0,0,0,0,8,-8,0,0
954,0.5000,0.3333,-0.1667,0.0682,0.0159,-0.0523,0,0,0,0,0,0,0,1
955,0.4000,0.3333,-0.0667,0.0424,0.0240,-0.0184,0,0,0,0,0,0,0,0
956,0.0000,0.0000,0.0000,0.1575,0.1617,0.0041,0,0,0,0,0,0,0,0
957,0.0000,0.0000,0.0000,0.3600,0.5385,0.1785,0,0,0,0,0,0,0,0
958,0.3333,0.2500,-0.0833,0.1429,0.1905,0.0476,0,0,0,0,0,0,0,0
959,0.5000,0.5000,0.0000,0.0101,0.0471,0.0370,0,0,0,1,0,1,0,0
960,0.0000,1.0000,1.0000,0.0588,0.5000,0.4412,0,0,0,0,0,0,0,0
961,1.0000,0.0000,-1.0000,0.0000,0.1803,0.1803,0,0,0,0,0,0,0,0
962,0.0000,0.0000,0.0000,0.5714,0.8519,0.2804,0,0,0,0,0,0,0,0
963,0.0000,0.0000,0.0000,0.0000,0.0000,0.0000,0,0,0,0,1,-1,0,0
964,0.3333,0.3333,0.0000,0.0000,0.0041,0.0041,1,0,-1,0,1,-1,1,1
965,0.0000,0.0000,0.0000,0.0204,0.0075,-0.0129,0,0,0,0,0,0,1,1
966,0.0000,0.0000,0.0000,0.0396,0.0902,0.0506,0,0,0,0,1,-1,1,1
967,0.5000,0.0000,-0.5000,0.0000,0.0000,0.0000,0,0,0,0,0,0,0,0
968,1.0000,1.0000,0.0000,0.0000,0.0132,0.0132,0,0,0,0,0,0,0,0
969,0.3333,0.4000,0.0667,0.0042,0.0098,0.0056,0,0,0,0,0,0,0,0
970,0.0000,1.0000,1.0000,0.0249,0.0000,-0.0249,0,0,0,0,0,0,0,0
971,0.0000,0.0000,0.0000,0.0649,0.0000,-0.0649,0,0,0,0,0,0,1,0
972,0.4000,0.5000,0.1000,0.0302,0.1564,0.1263,0,0,0,0,0,0,0,0
973,0.3333,0.3333,0.0000,0.0000,0.9286,0.9286,0,0,0,0,0,0,0,0
974,0.4000,0.2000,-0.2000,0.0825,0.1015,0.0191,0,0,0,0,1,-1,0,0
975,0.0000,0.0000,0.0000,0.0070,0.0121,0.0051,0,0,0,0,0,0,0,0
976,0.4000,0.4000,0.0000,0.0285,0.0556,0.0270,0,0,0,1,0,1,0,1
977,0.0000,0.0000,0.0000,0.0121,0.0185,0.0064,0,0,0,0,0,0,0,0
978,0.3333,0.3333,0.0000,0.0968,0.3706,0.2739,0,0,0,0,0,0,1,0
979,0.0000,0.0000,0.0000,0.0000,0.0000,0.0000,0,0,0,0,0,0,0,0
980,0.0000,0.0000,0.0000,0.0538,0.0197,-0.0341,0,0,0,0,2,-2,0,0
981,0.0000,0.0000,0.0000,0.0909,0.0733,-0.0176,0,0,0,0,0,0,0,0
982,0.5000,0.5000,0.0000,0.0122,0.7500,0.7378,0,0,0,0,0,0,0,0
983,0.0000,1.0000,1.0000,0.2340,0.0000,-0.2340,0,0,0,0,0,0,0,0
984,0.0000,0.0000,0.0000,1.0000,1.0000,0.0000,0,0,0,0,0,0,0,0
985,0.4000,0.4000,0.0000,0.0069,0.0476,0.0407,0,0,0,0,0,0,1,0
986,0.0000,1.0000,1.0000,0.0000,0.0000,0.0000,0,0,0,0,0,0,0,0
987,0.3333,0.3333,0.0000,0.0000,0.0000,0.0000,0,0,0,0,0,0,1,1
988,0.0000,0.0000,0.0000,0.0000,0.4167,0.4167,0,0,0,0,0,0,0,0
989,0.0000,1.0000,1.0000,0.0000,0.0000,0.0000,0,0,0,1,0,1,0,0
990,0.1667,0.2000,0.0333,0.1339,0.1064,-0.0275,0,0,0,0,0,0,1,1
991,0.2000,0.2500,0.0500,0.0654,0.0506,-0.0149,0,0,0,0,0,0,1,1
992,0.0000,1.0000,1.0000,0.0000,0.4397,0.4397,0,0,0,0,1,-1,0,0
993,0.2000,0.6667,0.4667,0.0217,0.0551,0.0334,0,0,0,0,0,0,0,0
994,0.2500,0.2500,0.0000,0.0962,0.1003,0.0041,0,0,0,0,1,-1,0,0
995,0.6667,0.5000,-0.1667,0.1227,0.1927,0.0700,0,0,0,0,0,0,0,0
996,0.5000,0.5000,0.0000,0.0902,0.1290,0.0388,0,0,0,0,0,0,0,0
997,0.0000,0.0000,0.0000,0.0081,0.0330,0.0248,0,0,0,0,0,0,0,1
998,0.4000,0.5000,0.1000,0.1351,0.2340,0.0989,0,0,0,0,0,0,1,1
999,1.0000,1.0000,0.0000,0.0539,0.1747,0.1208,0,0,0,1,0,1,0,0
