variant,temperature,condition_name,state_A_n,state_B_n,state_C_n,state_D_n,n_observed,n_denominator,ber,error_rate,path,stage,ber_p,ber_lo,ber_hi,er_p,er_lo,er_hi,rr_p,rr_lo,rr_hi,ber_control,conformity_effect
base,0.0,asch_history_5,77.0,233.0,1.0,89.0,400.0,400.0,0.5825,0.8075,shared,base,0.5825,0.5336108347956647,0.629819579505388,0.1925,0.15686042573701753,0.2339898482317861,0.0025,0.00044143642943440895,0.014023640967247855,0.0525,0.53
base,0.0,asch_zhu_unbiased_da,19.0,203.0,122.0,56.0,400.0,400.0,0.5075,0.9525,shared,base,0.5075,0.458667706127959,0.5561896042630459,0.0475,0.030616832107668652,0.07299210763504237,0.305,0.2619118577039247,0.3517980721299507,0.0525,0.45499999999999996
base,0.0,asch_zhu_unbiased_diverse_plain,42.0,91.0,173.0,94.0,400.0,400.0,0.2275,0.895,shared,base,0.2275,0.1891226131151639,0.2710617760116621,0.105,0.07862330722943671,0.138891678844311,0.4325,0.38481788076603707,0.48146632571491976,0.0525,0.17500000000000002
base,0.0,asch_zhu_unbiased_qd,51.0,144.0,149.0,56.0,400.0,400.0,0.36,0.8725,shared,base,0.36,0.31449710298654476,0.40816643638136574,0.1275,0.09832071558850791,0.16376620165825423,0.3725,0.32654304802813294,0.4208826753247856,0.0525,0.3075
base,0.0,asch_zhu_unbiased_unanimous_confident,17.0,183.0,89.0,111.0,400.0,400.0,0.4575,0.9575,shared,base,0.4575,0.40931270985864554,0.5064958645923273,0.0425,0.02670146955162519,0.06700259659708263,0.2225,0.18448762755400633,0.2657918879788165,0.0525,0.405
base,0.0,asch_zhu_unbiased_unanimous_neutral,18.0,215.0,116.0,51.0,400.0,400.0,0.5375,0.955,shared,base,0.5375,0.4885129330720267,0.5857736188829973,0.045,0.028651223384090457,0.07000527956161895,0.29,0.24769592405093643,0.3362993850009294,0.0525,0.485
base,0.0,asch_zhu_unbiased_unanimous_plain,27.0,244.0,96.0,33.0,400.0,400.0,0.61,0.9325,shared,base,0.61,0.5613705019046327,0.6565367171634375,0.0675,0.046801154899328234,0.09642727921939556,0.24,0.20074532480639665,0.28420124830543736,0.0525,0.5575
base,0.0,asch_zhu_unbiased_unanimous_uncertain,12.0,249.0,69.0,70.0,400.0,400.0,0.6225,0.97,shared,base,0.6225,0.5740402091679837,0.6686291938850946,0.03,0.017242849034032177,0.05169903312966765,0.1725,0.13863464284363428,0.21259613674915653,0.0525,0.5700000000000001
base,0.0,authoritative_bias,76.0,206.0,2.0,116.0,400.0,400.0,0.515,0.81,shared,base,0.515,0.46611266795606887,0.5636019528259407,0.19,0.15457325560638852,0.23132458156541352,0.005,0.0013722242215711469,0.018045289972112716,0.0525,0.4625
base,0.0,authority_zhu_unbiased_trust,84.0,160.0,27.0,129.0,400.0,400.0,0.4,0.79,shared,base,0.4,0.35316069336620937,0.44874183475372675,0.21,0.17293709734247628,0.2525802342053385,0.0675,0.046801154899328234,0.09642727921939556,0.0525,0.34750000000000003
base,0.0,authority_zhu_unbiased_trust_da,58.0,173.0,23.0,146.0,400.0,400.0,0.4325,0.855,shared,base,0.4325,0.38481788076603707,0.48146632571491976,0.145,0.1138699785258184,0.18288399629995486,0.0575,0.038617261729224514,0.08480142520149289,0.0525,0.38
base,0.0,control,99.0,21.0,3.0,277.0,400.0,400.0,0.0525,0.7525,shared,base,0.0525,0.03459126500804263,0.07892254832867157,0.2475,0.2077422550606482,0.2920616284421905,0.0075,0.0025538429629852373,0.02181610802770022,0.0525,0.0
base,0.2,asch_history_5,78.0,228.0,0.0,94.0,400.0,400.0,0.57,0.8049999999999999,shared,base,0.57,0.521043416119755,0.6176248141962897,0.195,0.15915003771249597,0.23665267305330928,0.0,0.0,0.009512640599680667,0.08,0.48999999999999994
base,0.2,asch_zhu_unbiased_da,28.0,212.0,80.0,80.0,400.0,400.0,0.53,0.9299999999999999,shared,base,0.53,0.48103525950149856,0.5783939820625206,0.07,0.048871304519740505,0.0993095663959849,0.2,0.16373644787133712,0.24197113648847135,0.08,0.45
base,0.2,asch_zhu_unbiased_diverse_plain,48.0,97.0,120.0,135.0,400.0,400.0,0.2425,0.88,shared,base,0.2425,0.2030757339434459,0.28682327596538965,0.12,0.09171493428788872,0.1555146725678686,0.3,0.2571669255289339,0.34663813071093835,0.08,0.16249999999999998
base,0.2,asch_zhu_unbiased_qd,56.0,173.0,97.0,74.0,400.0,400.0,0.4325,0.86,shared,base,0.4325,0.38481788076603707,0.48146632571491976,0.14,0.10940912065943276,0.17743998057233734,0.2425,0.2030757339434459,0.28682327596538965,0.08,0.3525
base,0.2,asch_zhu_unbiased_unanimous_confident,24.0,202.0,56.0,118.0,400.0,400.0,0.505,0.94,shared,base,0.505,0.4561884685810796,0.5537164050129236,0.06,0.0406476805246611,0.0877234432030579,0.14,0.10940912065943276,0.17743998057233734,0.08,0.425
base,0.2,asch_zhu_unbiased_unanimous_neutral,32.0,217.0,76.0,75.0,400.0,400.0,0.5425,0.92,shared,base,0.5425,0.49350413540767263,0.5906872901413545,0.08,0.057235397942962354,0.11075522016076943,0.19,0.15457325560638852,0.23132458156541352,0.08,0.46249999999999997
base,0.2,asch_zhu_unbiased_unanimous_plain,31.0,258.0,57.0,54.0,400.0,400.0,0.645,0.9225,shared,base,0.645,0.5969295604595849,0.6903117737665078,0.0775,0.05513258958646752,0.10790559172026265,0.1425,0.11163780858819913,0.18016372944057255,0.08,0.5650000000000001
base,0.2,asch_zhu_unbiased_unanimous_uncertain,14.0,265.0,23.0,98.0,400.0,400.0,0.6625,0.965,shared,base,0.6625,0.6148092449935679,0.7070991468115359,0.035,0.0209610999014911,0.05788565585621193,0.0575,0.038617261729224514,0.08480142520149289,0.08,0.5825
base,0.2,authoritative_bias,79.0,202.0,1.0,118.0,400.0,400.0,0.505,0.8025,shared,base,0.505,0.4561884685810796,0.5537164050129236,0.1975,0.16144205642368673,0.2393130911391201,0.0025,0.00044143642943440895,0.014023640967247855,0.08,0.425
base,0.2,authority_zhu_unbiased_trust,89.0,149.0,32.0,130.0,400.0,400.0,0.3725,0.7775,shared,base,0.3725,0.32654304802813294,0.4208826753247856,0.2225,0.18448762755400633,0.2657918879788165,0.08,0.057235397942962354,0.11075522016076943,0.08,0.2925
base,0.2,authority_zhu_unbiased_trust_da,68.0,149.0,31.0,152.0,400.0,400.0,0.3725,0.83,shared,base,0.3725,0.32654304802813294,0.4208826753247856,0.17,0.13636842234813634,0.20990992044765294,0.0775,0.05513258958646752,0.10790559172026265,0.08,0.2925
base,0.2,control,121.0,32.0,11.0,236.0,400.0,400.0,0.08,0.6975,shared,base,0.08,0.057235397942962354,0.11075522016076943,0.3025,0.25953861492842695,0.34921887810844693,0.0275,0.015423476078524151,0.04856596928817408,0.08,0.0
base,0.4,asch_history_5,76.0,224.0,0.0,100.0,400.0,400.0,0.56,0.81,shared,base,0.56,0.511011885079453,0.6078465980485853,0.19,0.15457325560638852,0.23132458156541352,0.0,0.0,0.009512640599680667,0.0625,0.49750000000000005
base,0.4,asch_zhu_unbiased_da,33.0,199.0,52.0,116.0,400.0,400.0,0.4975,0.9175,shared,base,0.4975,0.44875800198627125,0.5462895612167272,0.0825,0.059345516507342,0.11359753839339136,0.13,0.10053077315766948,0.16650858088609424,0.0625,0.435
base,0.4,asch_zhu_unbiased_diverse_plain,46.0,82.0,89.0,183.0,400.0,400.0,0.205,0.885,shared,base,0.205,0.1683322182508118,0.24728023970299978,0.115,0.08733247792422089,0.14999225533753324,0.2225,0.18448762755400633,0.2657918879788165,0.0625,0.1425
base,0.4,asch_zhu_unbiased_qd,63.0,144.0,39.0,154.0,400.0,400.0,0.36,0.8425,shared,base,0.36,0.31449710298654476,0.40816643638136574,0.1575,0.1250805930171134,0.19643556579366786,0.0975,0.07214471685094813,0.1305129588317948,0.0625,0.2975
base,0.4,asch_zhu_unbiased_unanimous_confident,31.0,207.0,43.0,119.0,400.0,400.0,0.5175,0.9225,shared,base,0.5175,0.4685967396420818,0.5660703179369293,0.0775,0.05513258958646752,0.10790559172026265,0.1075,0.08079329401678037,0.14167412885396896,0.0625,0.45499999999999996
base,0.4,asch_zhu_unbiased_unanimous_neutral,48.0,193.0,57.0,102.0,400.0,400.0,0.4825,0.88,shared,base,0.4825,0.4339296820630707,0.5314032603579181,0.12,0.09171493428788872,0.1555146725678686,0.1425,0.11163780858819913,0.18016372944057255,0.0625,0.42
base,0.4,asch_zhu_unbiased_unanimous_plain,45.0,240.0,38.0,77.0,400.0,400.0,0.6,0.8875,shared,base,0.6,0.5512581652462732,0.6468393066337906,0.1125,0.0851480200886654,0.14722427637608715,0.095,0.0699962171700798,0.12770902171566156,0.0625,0.5375
base,0.4,asch_zhu_unbiased_unanimous_uncertain,24.0,247.0,18.0,111.0,400.0,400.0,0.6175,0.94,shared,base,0.6175,0.5689683892522508,0.6637961402068244,0.06,0.0406476805246611,0.0877234432030579,0.045,0.028651223384090457,0.07000527956161895,0.0625,0.555
base,0.4,authoritative_bias,82.0,197.0,3.0,118.0,400.0,400.0,0.4925,0.795,shared,base,0.4925,0.4438103957369542,0.5413322938720411,0.205,0.1683322182508118,0.24728023970299978,0.0075,0.0025538429629852373,0.02181610802770022,0.0625,0.43
base,0.4,authority_zhu_unbiased_trust,88.0,150.0,28.0,134.0,400.0,400.0,0.375,0.78,shared,base,0.375,0.32895626254334526,0.42342189760657495,0.22,0.18217324955825856,0.26315382917756264,0.07,0.048871304519740505,0.0993095663959849,0.0625,0.3125
base,0.4,authority_zhu_unbiased_trust_da,82.0,155.0,31.0,132.0,400.0,400.0,0.3875,0.795,shared,base,0.3875,0.3410421691577642,0.43609817497716397,0.205,0.1683322182508118,0.24728023970299978,0.0775,0.05513258958646752,0.10790559172026265,0.0625,0.325
base,0.4,control,107.0,25.0,11.0,257.0,400.0,400.0,0.0625,0.7324999999999999,shared,base,0.0625,0.04268884343581125,0.09063471708890933,0.2675,0.22648167576028763,0.31294170211856387,0.0275,0.015423476078524151,0.04856596928817408,0.0625,0.0
base,0.6,asch_history_5,75.0,217.0,0.0,108.0,400.0,400.0,0.5425,0.8125,shared,base,0.5425,0.49350413540767263,0.5906872901413545,0.1875,0.15228856358904605,0.2286568367857544,0.0,0.0,0.009512640599680667,0.06,0.4825
base,0.6,asch_zhu_unbiased_da,54.0,180.0,37.0,129.0,400.0,400.0,0.45,0.865,shared,base,0.45,0.40195136207927884,0.4989999019806892,0.135,0.10496250056538574,0.17198172707238119,0.0925,0.06785354688500786,0.12489925520373191,0.06,0.39
base,0.6,asch_zhu_unbiased_diverse_plain,46.0,90.0,64.0,200.0,400.0,400.0,0.225,0.885,shared,base,0.225,0.18680409020181676,0.2684278621280076,0.115,0.08733247792422089,0.14999225533753324,0.16,0.12733221459300603,0.19913638101477682,0.06,0.165
base,0.6,asch_zhu_unbiased_qd,75.0,133.0,17.0,175.0,400.0,400.0,0.3325,0.8125,shared,base,0.3325,0.28811717839304024,0.3800695562078528,0.1875,0.15228856358904605,0.2286568367857544,0.0425,0.02670146955162519,0.06700259659708263,0.06,0.2725
base,0.6,asch_zhu_unbiased_unanimous_confident,44.0,214.0,25.0,117.0,400.0,400.0,0.535,0.89,shared,base,0.535,0.4860191592087707,0.5833149559492518,0.11,0.08296824650193971,0.14445161316581123,0.0625,0.04268884343581125,0.09063471708890933,0.06,0.47500000000000003
base,0.6,asch_zhu_unbiased_unanimous_neutral,47.0,198.0,32.0,123.0,400.0,400.0,0.495,0.8825000000000001,shared,base,0.495,0.44628359498707637,0.5438115314189205,0.1175,0.08952149033047882,0.1527556797282769,0.08,0.057235397942962354,0.11075522016076943,0.06,0.435
base,0.6,asch_zhu_unbiased_unanimous_plain,52.0,220.0,30.0,98.0,400.0,400.0,0.55,0.87,shared,base,0.55,0.5010000980193108,0.5980486379207213,0.13,0.10053077315766948,0.16650858088609424,0.075,0.053037406335715714,0.10504833817401285,0.06,0.49000000000000005
base,0.6,asch_zhu_unbiased_unanimous_uncertain,36.0,216.0,26.0,122.0,400.0,400.0,0.54,0.91,shared,base,0.54,0.4910079246678604,0.5882310640841653,0.09,0.065716912967122,0.12208345232461616,0.065,0.04474017569726697,0.09353582162445521,0.06,0.48000000000000004
base,0.6,authoritative_bias,63.0,231.0,6.0,100.0,400.0,400.0,0.5775,0.8425,shared,base,0.5775,0.5285801141391775,0.624945426567872,0.1575,0.1250805930171134,0.19643556579366786,0.015,0.006892197870136998,0.03233506351155325,0.06,0.5175000000000001
base,0.6,authority_zhu_unbiased_trust,80.0,167.0,22.0,131.0,400.0,400.0,0.4175,0.8,shared,base,0.4175,0.370180420494612,0.46638916520433527,0.2,0.16373644787133712,0.24197113648847135,0.055,0.036598221864059276,0.08186802826965653,0.06,0.3575
base,0.6,authority_zhu_unbiased_trust_da,74.0,142.0,30.0,154.0,400.0,400.0,0.355,0.815,shared,base,0.355,0.30968822623349224,0.4030704395404151,0.185,0.15000638716506282,0.225986576412736,0.075,0.053037406335715714,0.10504833817401285,0.06,0.295
base,0.6,control,95.0,24.0,8.0,273.0,400.0,400.0,0.06,0.7625,shared,base,0.06,0.0406476805246611,0.0877234432030579,0.2375,0.19841684319432581,0.2815772931205065,0.02,0.010168264597915496,0.038963870377777945,0.06,0.0
base,0.8,asch_history_5,78.0,202.0,0.0,120.0,400.0,400.0,0.505,0.8049999999999999,shared,base,0.505,0.4561884685810796,0.5537164050129236,0.195,0.15915003771249597,0.23665267305330928,0.0,0.0,0.009512640599680667,0.0475,0.4575
base,0.8,asch_zhu_unbiased_da,45.0,184.0,46.0,125.0,400.0,400.0,0.46,0.8875,shared,base,0.46,0.4117689359158348,0.5089920753321397,0.1125,0.0851480200886654,0.14722427637608715,0.115,0.08733247792422089,0.14999225533753324,0.0475,0.41250000000000003
base,0.8,asch_zhu_unbiased_diverse_plain,57.0,80.0,57.0,206.0,400.0,400.0,0.2,0.8575,shared,base,0.2,0.16373644787133712,0.24197113648847135,0.1425,0.11163780858819913,0.18016372944057255,0.1425,0.11163780858819913,0.18016372944057255,0.0475,0.15250000000000002
base,0.8,asch_zhu_unbiased_qd,64.0,131.0,14.0,191.0,400.0,400.0,0.3275,0.84,shared,base,0.3275,0.2833392679681935,0.3749425930386963,0.16,0.12733221459300603,0.19913638101477682,0.035,0.0209610999014911,0.05788565585621193,0.0475,0.28
base,0.8,asch_zhu_unbiased_unanimous_confident,46.0,213.0,19.0,122.0,400.0,400.0,0.5325,0.885,shared,base,0.5325,0.48352660176021306,0.5808550766008076,0.115,0.08733247792422089,0.14999225533753324,0.0475,0.030616832107668652,0.07299210763504237,0.0475,0.485
base,0.8,asch_zhu_unbiased_unanimous_neutral,47.0,208.0,20.0,125.0,400.0,400.0,0.52,0.8825000000000001,shared,base,0.52,0.4710820210989227,0.5685374732770901,0.1175,0.08952149033047882,0.1527556797282769,0.05,0.0325971756266401,0.07596420091307252,0.0475,0.47250000000000003
base,0.8,asch_zhu_unbiased_unanimous_plain,51.0,217.0,25.0,107.0,400.0,400.0,0.5425,0.8725,shared,base,0.5425,0.49350413540767263,0.5906872901413545,0.1275,0.09832071558850791,0.16376620165825423,0.0625,0.04268884343581125,0.09063471708890933,0.0475,0.495
base,0.8,asch_zhu_unbiased_unanimous_uncertain,38.0,191.0,17.0,154.0,400.0,400.0,0.4775,0.905,shared,base,0.4775,0.4289965818287492,0.5264314869982364,0.095,0.0699962171700798,0.12770902171566156,0.0425,0.02670146955162519,0.06700259659708263,0.0475,0.43
base,0.8,authoritative_bias,73.0,201.0,13.0,113.0,400.0,400.0,0.5025,0.8175,shared,base,0.5025,0.4537104387832728,0.5512419980137288,0.1825,0.14772676508161553,0.2233137616991817,0.0325,0.019089659086961887,0.054804659873739545,0.0475,0.45499999999999996
base,0.8,authority_zhu_unbiased_trust,71.0,189.0,14.0,126.0,400.0,400.0,0.4725,0.8225,shared,base,0.4725,0.4240683265333157,0.5214548686996666,0.1775,0.14317534561717957,0.21796030756961446,0.035,0.0209610999014911,0.05788565585621193,0.0475,0.425
base,0.8,authority_zhu_unbiased_trust_da,63.0,159.0,13.0,165.0,400.0,400.0,0.3975,0.8425,shared,base,0.3975,0.3507344059122796,0.446215685410655,0.1575,0.1250805930171134,0.19643556579366786,0.0325,0.019089659086961887,0.054804659873739545,0.0475,0.35000000000000003
base,0.8,control,107.0,19.0,7.0,267.0,400.0,400.0,0.0475,0.7324999999999999,shared,base,0.0475,0.030616832107668652,0.07299210763504237,0.2675,0.22648167576028763,0.31294170211856387,0.0175,0.008502182660789141,0.03567751551790271,0.0475,0.0
base,1.0,asch_history_5,73.0,181.0,0.0,146.0,400.0,400.0,0.4525,0.8175,shared,base,0.4525,0.40440392129266217,0.5014997795643075,0.1825,0.14772676508161553,0.2233137616991817,0.0,0.0,0.009512640599680667,0.0475,0.405
base,1.0,asch_zhu_unbiased_da,46.0,164.0,24.0,166.0,400.0,400.0,0.41,0.885,shared,base,0.41,0.36287863529353875,0.4588336400144037,0.115,0.08733247792422089,0.14999225533753324,0.06,0.0406476805246611,0.0877234432030579,0.0475,0.3625
base,1.0,asch_zhu_unbiased_diverse_plain,59.0,79.0,44.0,218.0,400.0,400.0,0.1975,0.8525,shared,base,0.1975,0.16144205642368673,0.2393130911391201,0.1475,0.1161055571050416,0.18560085451773328,0.11,0.08296824650193971,0.14445161316581123,0.0475,0.15000000000000002
base,1.0,asch_zhu_unbiased_qd,62.0,144.0,18.0,176.0,400.0,400.0,0.36,0.845,shared,base,0.36,0.31449710298654476,0.40816643638136574,0.155,0.12283205544731421,0.19373166656646548,0.045,0.028651223384090457,0.07000527956161895,0.0475,0.3125
base,1.0,asch_zhu_unbiased_unanimous_confident,53.0,197.0,18.0,132.0,400.0,400.0,0.4925,0.8674999999999999,shared,base,0.4925,0.4438103957369542,0.5413322938720411,0.1325,0.10274473201637832,0.16924705882438698,0.045,0.028651223384090457,0.07000527956161895,0.0475,0.445
base,1.0,asch_zhu_unbiased_unanimous_neutral,39.0,208.0,18.0,135.0,400.0,400.0,0.52,0.9025,shared,base,0.52,0.4710820210989227,0.5685374732770901,0.0975,0.07214471685094813,0.1305129588317948,0.045,0.028651223384090457,0.07000527956161895,0.0475,0.47250000000000003
base,1.0,asch_zhu_unbiased_unanimous_plain,50.0,204.0,19.0,127.0,400.0,400.0,0.51,0.875,shared,base,0.51,0.4611481516482723,0.558661595539734,0.125,0.09611465529837437,0.16101982515138613,0.0475,0.030616832107668652,0.07299210763504237,0.0475,0.4625
base,1.0,asch_zhu_unbiased_unanimous_uncertain,46.0,172.0,18.0,164.0,400.0,400.0,0.43,0.885,shared,base,0.43,0.3823751858037104,0.4789565838802449,0.115,0.08733247792422089,0.14999225533753324,0.045,0.028651223384090457,0.07000527956161895,0.0475,0.3825
base,1.0,authoritative_bias,74.0,165.0,3.0,158.0,400.0,400.0,0.4125,0.815,shared,base,0.4125,0.36531130012981505,0.461353411975129,0.185,0.15000638716506282,0.225986576412736,0.0075,0.0025538429629852373,0.02181610802770022,0.0475,0.365
base,1.0,authority_zhu_unbiased_trust,68.0,207.0,5.0,120.0,400.0,400.0,0.5175,0.83,shared,base,0.5175,0.4685967396420818,0.5660703179369293,0.17,0.13636842234813634,0.20990992044765294,0.0125,0.005350671853550634,0.02892415273113802,0.0475,0.47
base,1.0,authority_zhu_unbiased_trust_da,66.0,157.0,19.0,158.0,400.0,400.0,0.3925,0.835,shared,base,0.3925,0.34588569643429457,0.44115952129463676,0.165,0.13184448183586026,0.2045289873659258,0.0475,0.030616832107668652,0.07299210763504237,0.0475,0.34500000000000003
base,1.0,control,107.0,19.0,8.0,266.0,400.0,400.0,0.0475,0.7324999999999999,shared,base,0.0475,0.030616832107668652,0.07299210763504237,0.2675,0.22648167576028763,0.31294170211856387,0.02,0.010168264597915496,0.038963870377777945,0.0475,0.0
think_sft,0.0,asch_zhu_unbiased_unanimous_confident,169.0,129.0,1.0,101.0,400.0,400.0,0.3225,0.5775,think,sft,0.3225,0.27856718806945857,0.36980979934342806,0.4225,0.375054573432128,0.4714198858608225,0.0025,0.00044143642943440895,0.014023640967247855,0.085,0.2375
think_sft,0.0,authoritative_bias,184.0,106.0,1.0,109.0,400.0,400.0,0.265,0.54,think,sft,0.265,0.22413301235879635,0.31033792872305355,0.46,0.4117689359158348,0.5089920753321397,0.0025,0.00044143642943440895,0.014023640967247855,0.085,0.18
think_sft,0.0,authority_zhu_unbiased_trust,161.0,148.0,1.0,90.0,400.0,400.0,0.37,0.5974999999999999,think,sft,0.37,0.32413116790213314,0.4183421186537838,0.4025,0.3555882638828042,0.4512667010341336,0.0025,0.00044143642943440895,0.014023640967247855,0.085,0.285
think_sft,0.0,control,200.0,34.0,10.0,156.0,400.0,400.0,0.085,0.5,think,sft,0.085,0.061462653163424086,0.11643283853431088,0.5,0.4512336165999552,0.5487663834000448,0.025,0.013634943739762435,0.045402064829934204,0.085,0.0
think_sft,0.6,asch_zhu_unbiased_unanimous_confident,163.0,133.0,0.0,104.0,400.0,400.0,0.3325,0.5925,think,sft,0.3325,0.28811717839304024,0.3800695562078528,0.4075,0.3604472385805353,0.4563125999304055,0.0,0.0,0.009512640599680667,0.1,0.2325
think_sft,0.6,authoritative_bias,191.0,106.0,1.0,102.0,400.0,400.0,0.265,0.5225,think,sft,0.265,0.22413301235879635,0.31033792872305355,0.4775,0.4289965818287492,0.5264314869982364,0.0025,0.00044143642943440895,0.014023640967247855,0.1,0.165
think_sft,0.6,authority_zhu_unbiased_trust,174.0,133.0,0.0,93.0,400.0,400.0,0.3325,0.565,think,sft,0.3325,0.28811717839304024,0.3800695562078528,0.435,0.3872618167504356,0.4839748265275229,0.0,0.0,0.009512640599680667,0.1,0.2325
think_sft,0.6,control,195.0,40.0,8.0,157.0,400.0,400.0,0.1,0.5125,think,sft,0.1,0.07429885168964503,0.13331126079009953,0.4875,0.4388676214712341,0.536370194543758,0.02,0.010168264597915496,0.038963870377777945,0.1,0.0
think_dpo,0.0,asch_zhu_unbiased_unanimous_confident,163.0,114.0,0.0,123.0,400.0,400.0,0.285,0.5925,think,dpo,0.285,0.24297004043196901,0.33112039502589363,0.4075,0.3604472385805353,0.4563125999304055,0.0,0.0,0.009512640599680667,0.08,0.20499999999999996
think_dpo,0.0,authoritative_bias,189.0,111.0,0.0,100.0,400.0,400.0,0.2775,0.5275000000000001,think,dpo,0.2775,0.23589351571381517,0.3233396093530428,0.4725,0.4240683265333157,0.5214548686996666,0.0,0.0,0.009512640599680667,0.08,0.1975
think_dpo,0.0,authority_zhu_unbiased_trust,183.0,110.0,1.0,106.0,400.0,400.0,0.275,0.5425,think,dpo,0.275,0.2335380071267212,0.32074268114313514,0.4575,0.40931270985864554,0.5064958645923273,0.0025,0.00044143642943440895,0.014023640967247855,0.08,0.195
think_dpo,0.0,control,194.0,32.0,1.0,173.0,400.0,400.0,0.08,0.515,think,dpo,0.08,0.057235397942962354,0.11075522016076943,0.485,0.4363980471740593,0.5338873320439311,0.0025,0.00044143642943440895,0.014023640967247855,0.08,0.0
think_dpo,0.6,asch_zhu_unbiased_unanimous_confident,170.0,116.0,0.0,114.0,400.0,400.0,0.29,0.575,think,dpo,0.29,0.24769592405093643,0.3362993850009294,0.425,0.3774935293944863,0.4739333666954657,0.0,0.0,0.009512640599680667,0.08,0.20999999999999996
think_dpo,0.6,authoritative_bias,181.0,110.0,0.0,109.0,400.0,400.0,0.275,0.5475,think,dpo,0.275,0.2335380071267212,0.32074268114313514,0.4525,0.40440392129266217,0.5014997795643075,0.0,0.0,0.009512640599680667,0.08,0.195
think_dpo,0.6,authority_zhu_unbiased_trust,185.0,110.0,0.0,105.0,400.0,400.0,0.275,0.5375,think,dpo,0.275,0.2335380071267212,0.32074268114313514,0.4625,0.4142263811170028,0.5114870669279734,0.0,0.0,0.009512640599680667,0.08,0.195
think_dpo,0.6,control,196.0,32.0,2.0,170.0,400.0,400.0,0.08,0.51,think,dpo,0.08,0.057235397942962354,0.11075522016076943,0.49,0.4413384044602659,0.5388518483517277,0.005,0.0013722242215711469,0.018045289972112716,0.08,0.0
think,0.0,asch_zhu_unbiased_unanimous_confident,179.0,117.0,54.0,50.0,400.0,400.0,0.2925,0.5525,think,rl,0.2925,0.25006128808159916,0.3388864577672683,0.4475,0.39950002860195316,0.4964987986610134,0.135,0.10496250056538574,0.17198172707238119,0.06,0.23249999999999998
think,0.0,authoritative_bias,198.0,84.0,24.0,94.0,400.0,400.0,0.21,0.505,think,rl,0.21,0.17293709734247628,0.2525802342053385,0.495,0.44628359498707637,0.5438115314189205,0.06,0.0406476805246611,0.0877234432030579,0.06,0.15
think,0.0,authority_zhu_unbiased_trust,189.0,106.0,47.0,58.0,400.0,400.0,0.265,0.5275000000000001,think,rl,0.265,0.22413301235879635,0.31033792872305355,0.4725,0.4240683265333157,0.5214548686996666,0.1175,0.08952149033047882,0.1527556797282769,0.06,0.20500000000000002
think,0.0,control,206.0,24.0,51.0,119.0,400.0,400.0,0.06,0.485,think,rl,0.06,0.0406476805246611,0.0877234432030579,0.515,0.46611266795606887,0.5636019528259407,0.1275,0.09832071558850791,0.16376620165825423,0.06,0.0
think,0.6,asch_zhu_unbiased_unanimous_confident,158.0,98.0,1.0,143.0,400.0,400.0,0.245,0.605,think,rl,0.245,0.20540805053884156,0.28944339616699555,0.395,0.3483094055511242,0.44368824897480874,0.0025,0.00044143642943440895,0.014023640967247855,0.0825,0.16249999999999998
think,0.6,authoritative_bias,175.0,113.0,0.0,112.0,400.0,400.0,0.2825,0.5625,think,rl,0.2825,0.24060954581038724,0.3285284528504738,0.4375,0.3897069912730114,0.4864820888019487,0.0,0.0,0.009512640599680667,0.0825,0.19999999999999996
think,0.6,authority_zhu_unbiased_trust,164.0,125.0,1.0,110.0,400.0,400.0,0.3125,0.5900000000000001,think,rl,0.3125,0.26904080101876354,0.35952643920611665,0.41,0.36287863529353875,0.4588336400144037,0.0025,0.00044143642943440895,0.014023640967247855,0.0825,0.22999999999999998
think,0.6,control,188.0,33.0,11.0,168.0,400.0,400.0,0.0825,0.53,think,rl,0.0825,0.059345516507342,0.11359753839339136,0.47,0.42160601793747937,0.5189647404985014,0.0275,0.015423476078524151,0.04856596928817408,0.0825,0.0
