run_id,temperature,status,config_file,started_at,completed_at,run_dir,db_path,error_message
,0.0,failed,suite_expanded_temp0.0.json,2026-01-31T11:44:01.242997,2026-01-31T16:08:43.287519,,,"`rope_parameters`'s beta_fast field must be a float, got 32
`rope_parameters`'s beta_slow field must be a float, got 1
`rope_parameters`'s beta_fast field must be a float, got 32
`rope_parameters`'s beta_slow field must be a float, got 1

Loading weights:   0%|          | 0/355 [00:00<?, ?it/s]
Loading weights:   0%|          | 1/355 [00:00<00:00, 4568.96it/s, Materializing param=lm_head.weight]
Loading weights:   0%|          | 1/355 [00:00<00:00, 3575.71it/s, Materializing param=lm_head.weight]
Loading weights:   1%|          | 2/355 [00:01<04:00,  1.47it/s, Materializing param=lm_head.weight]  
Loading weights:   1%|          | 2/355 [00:01<04:00,  1.47it/s, Materializing param=model.embed_tokens.weight]
Loading weights:   1%|          | 2/355 [00:01<04:00,  1.47it/s, Materializing param=model.embed_tokens.weight]
Loading weights:   1%|          | 3/355 [00:01<03:59,  1.47it/s, Materializing param=model.layers.0.mlp.down_proj.weight]
Loading weights:   1%|          | 3/355 [00:01<03"
