variant,temperature,condition_name,n_denominator,state_B_n,ber,ber_p,ber_lo,ber_hi
base,0.0,asch_history_5,400.0,233.0,0.5825,0.5825,0.5336108347956647,0.629819579505388
base,0.0,asch_zhu_unbiased_da,400.0,203.0,0.5075,0.5075,0.458667706127959,0.5561896042630459
base,0.0,asch_zhu_unbiased_diverse_plain,400.0,91.0,0.2275,0.2275,0.1891226131151639,0.2710617760116621
base,0.0,asch_zhu_unbiased_qd,400.0,144.0,0.36,0.36,0.31449710298654476,0.40816643638136574
base,0.0,asch_zhu_unbiased_unanimous_confident,400.0,183.0,0.4575,0.4575,0.40931270985864554,0.5064958645923273
base,0.0,asch_zhu_unbiased_unanimous_neutral,400.0,215.0,0.5375,0.5375,0.4885129330720267,0.5857736188829973
base,0.0,asch_zhu_unbiased_unanimous_plain,400.0,244.0,0.61,0.61,0.5613705019046327,0.6565367171634375
base,0.0,asch_zhu_unbiased_unanimous_uncertain,400.0,249.0,0.6225,0.6225,0.5740402091679837,0.6686291938850946
base,0.0,authoritative_bias,400.0,206.0,0.515,0.515,0.46611266795606887,0.5636019528259407
base,0.0,authority_zhu_unbiased_trust,400.0,160.0,0.4,0.4,0.35316069336620937,0.44874183475372675
base,0.0,authority_zhu_unbiased_trust_da,400.0,173.0,0.4325,0.4325,0.38481788076603707,0.48146632571491976
base,0.0,control,400.0,21.0,0.0525,0.0525,0.03459126500804263,0.07892254832867157
base,0.2,asch_history_5,400.0,228.0,0.57,0.57,0.521043416119755,0.6176248141962897
base,0.2,asch_zhu_unbiased_da,400.0,212.0,0.53,0.53,0.48103525950149856,0.5783939820625206
base,0.2,asch_zhu_unbiased_diverse_plain,400.0,97.0,0.2425,0.2425,0.2030757339434459,0.28682327596538965
base,0.2,asch_zhu_unbiased_qd,400.0,173.0,0.4325,0.4325,0.38481788076603707,0.48146632571491976
base,0.2,asch_zhu_unbiased_unanimous_confident,400.0,202.0,0.505,0.505,0.4561884685810796,0.5537164050129236
base,0.2,asch_zhu_unbiased_unanimous_neutral,400.0,217.0,0.5425,0.5425,0.49350413540767263,0.5906872901413545
base,0.2,asch_zhu_unbiased_unanimous_plain,400.0,258.0,0.645,0.645,0.5969295604595849,0.6903117737665078
base,0.2,asch_zhu_unbiased_unanimous_uncertain,400.0,265.0,0.6625,0.6625,0.6148092449935679,0.7070991468115359
base,0.2,authoritative_bias,400.0,202.0,0.505,0.505,0.4561884685810796,0.5537164050129236
base,0.2,authority_zhu_unbiased_trust,400.0,149.0,0.3725,0.3725,0.32654304802813294,0.4208826753247856
base,0.2,authority_zhu_unbiased_trust_da,400.0,149.0,0.3725,0.3725,0.32654304802813294,0.4208826753247856
base,0.2,control,400.0,32.0,0.08,0.08,0.057235397942962354,0.11075522016076943
base,0.4,asch_history_5,400.0,224.0,0.56,0.56,0.511011885079453,0.6078465980485853
base,0.4,asch_zhu_unbiased_da,400.0,199.0,0.4975,0.4975,0.44875800198627125,0.5462895612167272
base,0.4,asch_zhu_unbiased_diverse_plain,400.0,82.0,0.205,0.205,0.1683322182508118,0.24728023970299978
base,0.4,asch_zhu_unbiased_qd,400.0,144.0,0.36,0.36,0.31449710298654476,0.40816643638136574
base,0.4,asch_zhu_unbiased_unanimous_confident,400.0,207.0,0.5175,0.5175,0.4685967396420818,0.5660703179369293
base,0.4,asch_zhu_unbiased_unanimous_neutral,400.0,193.0,0.4825,0.4825,0.4339296820630707,0.5314032603579181
base,0.4,asch_zhu_unbiased_unanimous_plain,400.0,240.0,0.6,0.6,0.5512581652462732,0.6468393066337906
base,0.4,asch_zhu_unbiased_unanimous_uncertain,400.0,247.0,0.6175,0.6175,0.5689683892522508,0.6637961402068244
base,0.4,authoritative_bias,400.0,197.0,0.4925,0.4925,0.4438103957369542,0.5413322938720411
base,0.4,authority_zhu_unbiased_trust,400.0,150.0,0.375,0.375,0.32895626254334526,0.42342189760657495
base,0.4,authority_zhu_unbiased_trust_da,400.0,155.0,0.3875,0.3875,0.3410421691577642,0.43609817497716397
base,0.4,control,400.0,25.0,0.0625,0.0625,0.04268884343581125,0.09063471708890933
base,0.6,asch_history_5,400.0,217.0,0.5425,0.5425,0.49350413540767263,0.5906872901413545
base,0.6,asch_zhu_unbiased_da,400.0,180.0,0.45,0.45,0.40195136207927884,0.4989999019806892
base,0.6,asch_zhu_unbiased_diverse_plain,400.0,90.0,0.225,0.225,0.18680409020181676,0.2684278621280076
base,0.6,asch_zhu_unbiased_qd,400.0,133.0,0.3325,0.3325,0.28811717839304024,0.3800695562078528
base,0.6,asch_zhu_unbiased_unanimous_confident,400.0,214.0,0.535,0.535,0.4860191592087707,0.5833149559492518
base,0.6,asch_zhu_unbiased_unanimous_neutral,400.0,198.0,0.495,0.495,0.44628359498707637,0.5438115314189205
base,0.6,asch_zhu_unbiased_unanimous_plain,400.0,220.0,0.55,0.55,0.5010000980193108,0.5980486379207213
base,0.6,asch_zhu_unbiased_unanimous_uncertain,400.0,216.0,0.54,0.54,0.4910079246678604,0.5882310640841653
base,0.6,authoritative_bias,400.0,231.0,0.5775,0.5775,0.5285801141391775,0.624945426567872
base,0.6,authority_zhu_unbiased_trust,400.0,167.0,0.4175,0.4175,0.370180420494612,0.46638916520433527
base,0.6,authority_zhu_unbiased_trust_da,400.0,142.0,0.355,0.355,0.30968822623349224,0.4030704395404151
base,0.6,control,400.0,24.0,0.06,0.06,0.0406476805246611,0.0877234432030579
base,0.8,asch_history_5,400.0,202.0,0.505,0.505,0.4561884685810796,0.5537164050129236
base,0.8,asch_zhu_unbiased_da,400.0,184.0,0.46,0.46,0.4117689359158348,0.5089920753321397
base,0.8,asch_zhu_unbiased_diverse_plain,400.0,80.0,0.2,0.2,0.16373644787133712,0.24197113648847135
base,0.8,asch_zhu_unbiased_qd,400.0,131.0,0.3275,0.3275,0.2833392679681935,0.3749425930386963
base,0.8,asch_zhu_unbiased_unanimous_confident,400.0,213.0,0.5325,0.5325,0.48352660176021306,0.5808550766008076
base,0.8,asch_zhu_unbiased_unanimous_neutral,400.0,208.0,0.52,0.52,0.4710820210989227,0.5685374732770901
base,0.8,asch_zhu_unbiased_unanimous_plain,400.0,217.0,0.5425,0.5425,0.49350413540767263,0.5906872901413545
base,0.8,asch_zhu_unbiased_unanimous_uncertain,400.0,191.0,0.4775,0.4775,0.4289965818287492,0.5264314869982364
base,0.8,authoritative_bias,400.0,201.0,0.5025,0.5025,0.4537104387832728,0.5512419980137288
base,0.8,authority_zhu_unbiased_trust,400.0,189.0,0.4725,0.4725,0.4240683265333157,0.5214548686996666
base,0.8,authority_zhu_unbiased_trust_da,400.0,159.0,0.3975,0.3975,0.3507344059122796,0.446215685410655
base,0.8,control,400.0,19.0,0.0475,0.0475,0.030616832107668652,0.07299210763504237
base,1.0,asch_history_5,400.0,181.0,0.4525,0.4525,0.40440392129266217,0.5014997795643075
base,1.0,asch_zhu_unbiased_da,400.0,164.0,0.41,0.41,0.36287863529353875,0.4588336400144037
base,1.0,asch_zhu_unbiased_diverse_plain,400.0,79.0,0.1975,0.1975,0.16144205642368673,0.2393130911391201
base,1.0,asch_zhu_unbiased_qd,400.0,144.0,0.36,0.36,0.31449710298654476,0.40816643638136574
base,1.0,asch_zhu_unbiased_unanimous_confident,400.0,197.0,0.4925,0.4925,0.4438103957369542,0.5413322938720411
base,1.0,asch_zhu_unbiased_unanimous_neutral,400.0,208.0,0.52,0.52,0.4710820210989227,0.5685374732770901
base,1.0,asch_zhu_unbiased_unanimous_plain,400.0,204.0,0.51,0.51,0.4611481516482723,0.558661595539734
base,1.0,asch_zhu_unbiased_unanimous_uncertain,400.0,172.0,0.43,0.43,0.3823751858037104,0.4789565838802449
base,1.0,authoritative_bias,400.0,165.0,0.4125,0.4125,0.36531130012981505,0.461353411975129
base,1.0,authority_zhu_unbiased_trust,400.0,207.0,0.5175,0.5175,0.4685967396420818,0.5660703179369293
base,1.0,authority_zhu_unbiased_trust_da,400.0,157.0,0.3925,0.3925,0.34588569643429457,0.44115952129463676
base,1.0,control,400.0,19.0,0.0475,0.0475,0.030616832107668652,0.07299210763504237
instruct,0.0,asch_history_5,400.0,82.0,0.205,0.205,0.1683322182508118,0.24728023970299978
instruct,0.0,asch_zhu_unbiased_da,400.0,87.0,0.2175,0.2175,0.17986098131336697,0.2605136606254526
instruct,0.0,asch_zhu_unbiased_diverse_plain,400.0,46.0,0.115,0.115,0.08733247792422089,0.14999225533753324
instruct,0.0,asch_zhu_unbiased_qd,400.0,58.0,0.145,0.145,0.1138699785258184,0.18288399629995486
instruct,0.0,asch_zhu_unbiased_unanimous_confident,400.0,203.0,0.5075,0.5075,0.458667706127959,0.5561896042630459
instruct,0.0,asch_zhu_unbiased_unanimous_neutral,400.0,198.0,0.495,0.495,0.44628359498707637,0.5438115314189205
instruct,0.0,asch_zhu_unbiased_unanimous_plain,400.0,94.0,0.235,0.235,0.1960903097272598,0.278951389790571
instruct,0.0,asch_zhu_unbiased_unanimous_uncertain,400.0,135.0,0.3375,0.3375,0.29290085318846415,0.3851907550064321
instruct,0.0,authoritative_bias,400.0,127.0,0.3175,0.3175,0.27380100813055436,0.3646711056883291
instruct,0.0,authority_zhu_unbiased_trust,400.0,106.0,0.265,0.265,0.22413301235879635,0.31033792872305355
instruct,0.0,authority_zhu_unbiased_trust_da,400.0,125.0,0.3125,0.3125,0.26904080101876354,0.35952643920611665
instruct,0.0,control,400.0,28.0,0.07,0.07,0.048871304519740505,0.0993095663959849
instruct,0.2,asch_history_5,400.0,77.0,0.1925,0.1925,0.15686042573701753,0.2339898482317861
instruct,0.2,asch_zhu_unbiased_da,400.0,90.0,0.225,0.225,0.18680409020181676,0.2684278621280076
instruct,0.2,asch_zhu_unbiased_diverse_plain,400.0,48.0,0.12,0.12,0.09171493428788872,0.1555146725678686
instruct,0.2,asch_zhu_unbiased_qd,400.0,63.0,0.1575,0.1575,0.1250805930171134,0.19643556579366786
instruct,0.2,asch_zhu_unbiased_unanimous_confident,400.0,212.0,0.53,0.53,0.48103525950149856,0.5783939820625206
instruct,0.2,asch_zhu_unbiased_unanimous_neutral,400.0,194.0,0.485,0.485,0.4363980471740593,0.5338873320439311
instruct,0.2,asch_zhu_unbiased_unanimous_plain,400.0,93.0,0.2325,0.2325,0.1937657455982035,0.2763235171226257
instruct,0.2,asch_zhu_unbiased_unanimous_uncertain,400.0,133.0,0.3325,0.3325,0.28811717839304024,0.3800695562078528
instruct,0.2,authoritative_bias,400.0,116.0,0.29,0.29,0.24769592405093643,0.3362993850009294
instruct,0.2,authority_zhu_unbiased_trust,400.0,110.0,0.275,0.275,0.2335380071267212,0.32074268114313514
instruct,0.2,authority_zhu_unbiased_trust_da,400.0,125.0,0.3125,0.3125,0.26904080101876354,0.35952643920611665
instruct,0.2,control,400.0,30.0,0.075,0.075,0.053037406335715714,0.10504833817401285
instruct,0.4,asch_history_5,400.0,78.0,0.195,0.195,0.15915003771249597,0.23665267305330928
instruct,0.4,asch_zhu_unbiased_da,400.0,84.0,0.21,0.21,0.17293709734247628,0.2525802342053385
instruct,0.4,asch_zhu_unbiased_diverse_plain,400.0,50.0,0.125,0.125,0.09611465529837437,0.16101982515138613
instruct,0.4,asch_zhu_unbiased_qd,400.0,56.0,0.14,0.14,0.10940912065943276,0.17743998057233734
instruct,0.4,asch_zhu_unbiased_unanimous_confident,400.0,207.0,0.5175,0.5175,0.4685967396420818,0.5660703179369293
instruct,0.4,asch_zhu_unbiased_unanimous_neutral,400.0,194.0,0.485,0.485,0.4363980471740593,0.5338873320439311
instruct,0.4,asch_zhu_unbiased_unanimous_plain,400.0,93.0,0.2325,0.2325,0.1937657455982035,0.2763235171226257
instruct,0.4,asch_zhu_unbiased_unanimous_uncertain,400.0,140.0,0.35,0.35,0.304884853065619,0.39796893911428516
instruct,0.4,authoritative_bias,400.0,119.0,0.2975,0.2975,0.25479680042016234,0.34405581902270826
instruct,0.4,authority_zhu_unbiased_trust,400.0,113.0,0.2825,0.2825,0.24060954581038724,0.3285284528504738
instruct,0.4,authority_zhu_unbiased_trust_da,400.0,117.0,0.2925,0.2925,0.25006128808159916,0.3388864577672683
instruct,0.4,control,400.0,23.0,0.0575,0.0575,0.038617261729224514,0.08480142520149289
instruct,0.6,asch_history_5,400.0,72.0,0.18,0.18,0.1454497374118191,0.22063835257197656
instruct,0.6,asch_zhu_unbiased_da,400.0,81.0,0.2025,0.2025,0.16603317911938578,0.24462684203742427
instruct,0.6,asch_zhu_unbiased_diverse_plain,400.0,52.0,0.13,0.13,0.10053077315766948,0.16650858088609424
instruct,0.6,asch_zhu_unbiased_qd,400.0,57.0,0.1425,0.1425,0.11163780858819913,0.18016372944057255
instruct,0.6,asch_zhu_unbiased_unanimous_confident,400.0,194.0,0.485,0.485,0.4363980471740593,0.5338873320439311
instruct,0.6,asch_zhu_unbiased_unanimous_neutral,400.0,200.0,0.5,0.5,0.4512336165999552,0.5487663834000448
instruct,0.6,asch_zhu_unbiased_unanimous_plain,400.0,80.0,0.2,0.2,0.16373644787133712,0.24197113648847135
instruct,0.6,asch_zhu_unbiased_unanimous_uncertain,400.0,140.0,0.35,0.35,0.304884853065619,0.39796893911428516
instruct,0.6,authoritative_bias,400.0,111.0,0.2775,0.2775,0.23589351571381517,0.3233396093530428
instruct,0.6,authority_zhu_unbiased_trust,400.0,128.0,0.32,0.32,0.2761833561331949,0.3672411944826901
instruct,0.6,authority_zhu_unbiased_trust_da,400.0,121.0,0.3025,0.3025,0.25953861492842695,0.34921887810844693
instruct,0.6,control,400.0,27.0,0.0675,0.0675,0.046801154899328234,0.09642727921939556
instruct,0.8,asch_history_5,400.0,70.0,0.175,0.175,0.140903632613942,0.21527958377585044
instruct,0.8,asch_zhu_unbiased_da,400.0,76.0,0.19,0.19,0.15457325560638852,0.23132458156541352
instruct,0.8,asch_zhu_unbiased_diverse_plain,400.0,48.0,0.12,0.12,0.09171493428788872,0.1555146725678686
instruct,0.8,asch_zhu_unbiased_qd,400.0,59.0,0.1475,0.1475,0.1161055571050416,0.18560085451773328
instruct,0.8,asch_zhu_unbiased_unanimous_confident,400.0,192.0,0.48,0.48,0.43146252672290986,0.5289179789010773
instruct,0.8,asch_zhu_unbiased_unanimous_neutral,400.0,190.0,0.475,0.475,0.4265318481465433,0.5239437838834407
instruct,0.8,asch_zhu_unbiased_unanimous_plain,400.0,84.0,0.21,0.21,0.17293709734247628,0.2525802342053385
instruct,0.8,asch_zhu_unbiased_unanimous_uncertain,400.0,137.0,0.3425,0.3425,0.29769022933249495,0.39030625245640455
instruct,0.8,authoritative_bias,400.0,133.0,0.3325,0.3325,0.28811717839304024,0.3800695562078528
instruct,0.8,authority_zhu_unbiased_trust,400.0,123.0,0.3075,0.3075,0.2642866432019798,0.3543757234288972
instruct,0.8,authority_zhu_unbiased_trust_da,400.0,117.0,0.2925,0.2925,0.25006128808159916,0.3388864577672683
instruct,0.8,control,400.0,28.0,0.07,0.07,0.048871304519740505,0.0993095663959849
instruct,1.0,asch_history_5,400.0,81.0,0.2025,0.2025,0.16603317911938578,0.24462684203742427
instruct,1.0,asch_zhu_unbiased_da,400.0,74.0,0.185,0.185,0.15000638716506282,0.225986576412736
instruct,1.0,asch_zhu_unbiased_diverse_plain,400.0,53.0,0.1325,0.1325,0.10274473201637832,0.16924705882438698
instruct,1.0,asch_zhu_unbiased_qd,400.0,68.0,0.17,0.17,0.13636842234813634,0.20990992044765294
instruct,1.0,asch_zhu_unbiased_unanimous_confident,400.0,190.0,0.475,0.475,0.4265318481465433,0.5239437838834407
instruct,1.0,asch_zhu_unbiased_unanimous_neutral,400.0,180.0,0.45,0.45,0.40195136207927884,0.4989999019806892
instruct,1.0,asch_zhu_unbiased_unanimous_plain,400.0,91.0,0.2275,0.2275,0.1891226131151639,0.2710617760116621
instruct,1.0,asch_zhu_unbiased_unanimous_uncertain,400.0,136.0,0.34,0.34,0.2952948324121193,0.38774921257977857
instruct,1.0,authoritative_bias,400.0,120.0,0.3,0.3,0.2571669255289339,0.34663813071093835
instruct,1.0,authority_zhu_unbiased_trust,400.0,118.0,0.295,0.295,0.2524282507849876,0.3414719318608814
instruct,1.0,authority_zhu_unbiased_trust_da,400.0,124.0,0.31,0.31,0.26666296102378073,0.35695184240409794
instruct,1.0,control,400.0,23.0,0.0575,0.0575,0.038617261729224514,0.08480142520149289
instruct_dpo,0.0,asch_history_5,400.0,74.0,0.185,0.185,0.15000638716506282,0.225986576412736
instruct_dpo,0.0,asch_zhu_unbiased_da,400.0,67.0,0.1675,0.1675,0.13410501884963513,0.20722088714915257
instruct_dpo,0.0,asch_zhu_unbiased_diverse_plain,400.0,49.0,0.1225,0.1225,0.09391269296642377,0.15826935068633516
instruct_dpo,0.0,asch_zhu_unbiased_qd,400.0,49.0,0.1225,0.1225,0.09391269296642377,0.15826935068633516
instruct_dpo,0.0,asch_zhu_unbiased_unanimous_confident,400.0,156.0,0.39,0.39,0.3434632828365625,0.4386294980953673
instruct_dpo,0.0,asch_zhu_unbiased_unanimous_neutral,400.0,177.0,0.4425,0.4425,0.3946010465039066,0.49149290716505667
instruct_dpo,0.0,asch_zhu_unbiased_unanimous_plain,400.0,70.0,0.175,0.175,0.140903632613942,0.21527958377585044
instruct_dpo,0.0,asch_zhu_unbiased_unanimous_uncertain,400.0,106.0,0.265,0.265,0.22413301235879635,0.31033792872305355
instruct_dpo,0.0,authoritative_bias,400.0,129.0,0.3225,0.3225,0.27856718806945857,0.36980979934342806
instruct_dpo,0.0,authority_zhu_unbiased_trust,400.0,120.0,0.3,0.3,0.2571669255289339,0.34663813071093835
instruct_dpo,0.0,authority_zhu_unbiased_trust_da,400.0,123.0,0.3075,0.3075,0.2642866432019798,0.3543757234288972
instruct_dpo,0.0,control,400.0,26.0,0.065,0.065,0.04474017569726697,0.09353582162445521
instruct_dpo,0.2,asch_history_5,400.0,66.0,0.165,0.165,0.13184448183586026,0.2045289873659258
instruct_dpo,0.2,asch_zhu_unbiased_da,400.0,62.0,0.155,0.155,0.12283205544731421,0.19373166656646548
instruct_dpo,0.2,asch_zhu_unbiased_diverse_plain,400.0,33.0,0.0825,0.0825,0.059345516507342,0.11359753839339136
instruct_dpo,0.2,asch_zhu_unbiased_qd,400.0,45.0,0.1125,0.1125,0.0851480200886654,0.14722427637608715
instruct_dpo,0.2,asch_zhu_unbiased_unanimous_confident,400.0,153.0,0.3825,0.3825,0.3362038597931757,0.4310316107477493
instruct_dpo,0.2,asch_zhu_unbiased_unanimous_neutral,400.0,175.0,0.4375,0.4375,0.3897069912730114,0.4864820888019487
instruct_dpo,0.2,asch_zhu_unbiased_unanimous_plain,400.0,69.0,0.1725,0.1725,0.13863464284363428,0.21259613674915653
instruct_dpo,0.2,asch_zhu_unbiased_unanimous_uncertain,400.0,111.0,0.2775,0.2775,0.23589351571381517,0.3233396093530428
instruct_dpo,0.2,authoritative_bias,400.0,137.0,0.3425,0.3425,0.29769022933249495,0.39030625245640455
instruct_dpo,0.2,authority_zhu_unbiased_trust,400.0,126.0,0.315,0.315,0.27142015327845737,0.36209952374342447
instruct_dpo,0.2,authority_zhu_unbiased_trust_da,400.0,123.0,0.3075,0.3075,0.2642866432019798,0.3543757234288972
instruct_dpo,0.2,control,400.0,26.0,0.065,0.065,0.04474017569726697,0.09353582162445521
instruct_dpo,0.4,asch_history_5,400.0,65.0,0.1625,0.1625,0.1295868626510332,0.2018341697537513
instruct_dpo,0.4,asch_zhu_unbiased_da,400.0,62.0,0.155,0.155,0.12283205544731421,0.19373166656646548
instruct_dpo,0.4,asch_zhu_unbiased_diverse_plain,400.0,34.0,0.085,0.085,0.061462653163424086,0.11643283853431088
instruct_dpo,0.4,asch_zhu_unbiased_qd,400.0,45.0,0.1125,0.1125,0.0851480200886654,0.14722427637608715
instruct_dpo,0.4,asch_zhu_unbiased_unanimous_confident,400.0,153.0,0.3825,0.3825,0.3362038597931757,0.4310316107477493
instruct_dpo,0.4,asch_zhu_unbiased_unanimous_neutral,400.0,177.0,0.4425,0.4425,0.3946010465039066,0.49149290716505667
instruct_dpo,0.4,asch_zhu_unbiased_unanimous_plain,400.0,65.0,0.1625,0.1625,0.1295868626510332,0.2018341697537513
instruct_dpo,0.4,asch_zhu_unbiased_unanimous_uncertain,400.0,102.0,0.255,0.255,0.21475600851610616,0.2999051853777373
instruct_dpo,0.4,authoritative_bias,400.0,132.0,0.33,0.33,0.285727498574661,0.3775067992292304
instruct_dpo,0.4,authority_zhu_unbiased_trust,400.0,135.0,0.3375,0.3375,0.29290085318846415,0.3851907550064321
instruct_dpo,0.4,authority_zhu_unbiased_trust_da,400.0,127.0,0.3175,0.3175,0.27380100813055436,0.3646711056883291
instruct_dpo,0.4,control,400.0,22.0,0.055,0.055,0.036598221864059276,0.08186802826965653
instruct_dpo,0.6,asch_history_5,400.0,64.0,0.16,0.16,0.12733221459300603,0.19913638101477682
instruct_dpo,0.6,asch_zhu_unbiased_da,400.0,63.0,0.1575,0.1575,0.1250805930171134,0.19643556579366786
instruct_dpo,0.6,asch_zhu_unbiased_diverse_plain,400.0,41.0,0.1025,0.1025,0.07645843910823481,0.13610411016851132
instruct_dpo,0.6,asch_zhu_unbiased_qd,400.0,48.0,0.12,0.12,0.09171493428788872,0.1555146725678686
instruct_dpo,0.6,asch_zhu_unbiased_unanimous_confident,400.0,143.0,0.3575,0.3575,0.3120919798753237,0.40561912269558525
instruct_dpo,0.6,asch_zhu_unbiased_unanimous_neutral,400.0,176.0,0.44,0.44,0.3921534019514147,0.48898811492054695
instruct_dpo,0.6,asch_zhu_unbiased_unanimous_plain,400.0,75.0,0.1875,0.1875,0.15228856358904605,0.2286568367857544
instruct_dpo,0.6,asch_zhu_unbiased_unanimous_uncertain,400.0,112.0,0.28,0.28,0.23825069981202085,0.32593486205183864
instruct_dpo,0.6,authoritative_bias,400.0,124.0,0.31,0.31,0.26666296102378073,0.35695184240409794
instruct_dpo,0.6,authority_zhu_unbiased_trust,400.0,140.0,0.35,0.35,0.304884853065619,0.39796893911428516
instruct_dpo,0.6,authority_zhu_unbiased_trust_da,400.0,120.0,0.3,0.3,0.2571669255289339,0.34663813071093835
instruct_dpo,0.6,control,400.0,21.0,0.0525,0.0525,0.03459126500804263,0.07892254832867157
instruct_dpo,0.8,asch_history_5,400.0,72.0,0.18,0.18,0.1454497374118191,0.22063835257197656
instruct_dpo,0.8,asch_zhu_unbiased_da,400.0,56.0,0.14,0.14,0.10940912065943276,0.17743998057233734
instruct_dpo,0.8,asch_zhu_unbiased_diverse_plain,400.0,37.0,0.0925,0.0925,0.06785354688500786,0.12489925520373191
instruct_dpo,0.8,asch_zhu_unbiased_qd,400.0,49.0,0.1225,0.1225,0.09391269296642377,0.15826935068633516
instruct_dpo,0.8,asch_zhu_unbiased_unanimous_confident,400.0,139.0,0.3475,0.3475,0.30248524680204364,0.3954161085808589
instruct_dpo,0.8,asch_zhu_unbiased_unanimous_neutral,400.0,173.0,0.4325,0.4325,0.38481788076603707,0.48146632571491976
instruct_dpo,0.8,asch_zhu_unbiased_unanimous_plain,400.0,64.0,0.16,0.16,0.12733221459300603,0.19913638101477682
instruct_dpo,0.8,asch_zhu_unbiased_unanimous_uncertain,400.0,113.0,0.2825,0.2825,0.24060954581038724,0.3285284528504738
instruct_dpo,0.8,authoritative_bias,400.0,124.0,0.31,0.31,0.26666296102378073,0.35695184240409794
instruct_dpo,0.8,authority_zhu_unbiased_trust,400.0,136.0,0.34,0.34,0.2952948324121193,0.38774921257977857
instruct_dpo,0.8,authority_zhu_unbiased_trust_da,400.0,118.0,0.295,0.295,0.2524282507849876,0.3414719318608814
instruct_dpo,0.8,control,400.0,23.0,0.0575,0.0575,0.038617261729224514,0.08480142520149289
instruct_dpo,1.0,asch_history_5,400.0,63.0,0.1575,0.1575,0.1250805930171134,0.19643556579366786
instruct_dpo,1.0,asch_zhu_unbiased_da,400.0,65.0,0.1625,0.1625,0.1295868626510332,0.2018341697537513
instruct_dpo,1.0,asch_zhu_unbiased_diverse_plain,400.0,47.0,0.1175,0.1175,0.08952149033047882,0.1527556797282769
instruct_dpo,1.0,asch_zhu_unbiased_qd,400.0,49.0,0.1225,0.1225,0.09391269296642377,0.15826935068633516
instruct_dpo,1.0,asch_zhu_unbiased_unanimous_confident,400.0,137.0,0.3425,0.3425,0.29769022933249495,0.39030625245640455
instruct_dpo,1.0,asch_zhu_unbiased_unanimous_neutral,400.0,168.0,0.42,0.42,0.3726168694631035,0.46890515303284536
instruct_dpo,1.0,asch_zhu_unbiased_unanimous_plain,400.0,60.0,0.15,0.15,0.11834447398799032,0.18831437443178617
instruct_dpo,1.0,asch_zhu_unbiased_unanimous_uncertain,400.0,113.0,0.2825,0.2825,0.24060954581038724,0.3285284528504738
instruct_dpo,1.0,authoritative_bias,400.0,133.0,0.3325,0.3325,0.28811717839304024,0.3800695562078528
instruct_dpo,1.0,authority_zhu_unbiased_trust,400.0,142.0,0.355,0.355,0.30968822623349224,0.4030704395404151
instruct_dpo,1.0,authority_zhu_unbiased_trust_da,400.0,122.0,0.305,0.305,0.2619118577039247,0.3517980721299507
instruct_dpo,1.0,control,400.0,29.0,0.0725,0.0725,0.05095018845006176,0.1021831192626652
instruct_sft,0.0,asch_history_5,400.0,243.0,0.6075,0.6075,0.5588404787053632,0.6541143035657054
instruct_sft,0.0,asch_zhu_unbiased_da,400.0,161.0,0.4025,0.4025,0.3555882638828042,0.4512667010341336
instruct_sft,0.0,asch_zhu_unbiased_diverse_plain,400.0,70.0,0.175,0.175,0.140903632613942,0.21527958377585044
instruct_sft,0.0,asch_zhu_unbiased_qd,400.0,123.0,0.3075,0.3075,0.2642866432019798,0.3543757234288972
instruct_sft,0.0,asch_zhu_unbiased_unanimous_confident,400.0,295.0,0.7375,0.7375,0.69226759360591,0.7782139021092418
instruct_sft,0.0,asch_zhu_unbiased_unanimous_neutral,400.0,301.0,0.7525,0.7525,0.7079383715578094,0.7922577449393517
instruct_sft,0.0,asch_zhu_unbiased_unanimous_plain,400.0,205.0,0.5125,0.5125,0.463629805456242,0.5611323785287659
instruct_sft,0.0,asch_zhu_unbiased_unanimous_uncertain,400.0,252.0,0.63,0.63,0.5816578813462162,0.6758688320978669
instruct_sft,0.0,authoritative_bias,400.0,173.0,0.4325,0.4325,0.38481788076603707,0.48146632571491976
instruct_sft,0.0,authority_zhu_unbiased_trust,400.0,151.0,0.3775,0.3775,0.33137080611490544,0.4259597908320163
instruct_sft,0.0,authority_zhu_unbiased_trust_da,400.0,173.0,0.4325,0.4325,0.38481788076603707,0.48146632571491976
instruct_sft,0.0,control,400.0,24.0,0.06,0.06,0.0406476805246611,0.0877234432030579
instruct_sft,0.2,asch_history_5,400.0,252.0,0.63,0.63,0.5816578813462162,0.6758688320978669
instruct_sft,0.2,asch_zhu_unbiased_da,400.0,156.0,0.39,0.39,0.3434632828365625,0.4386294980953673
instruct_sft,0.2,asch_zhu_unbiased_diverse_plain,400.0,68.0,0.17,0.17,0.13636842234813634,0.20990992044765294
instruct_sft,0.2,asch_zhu_unbiased_qd,400.0,118.0,0.295,0.295,0.2524282507849876,0.3414719318608814
instruct_sft,0.2,asch_zhu_unbiased_unanimous_confident,400.0,303.0,0.7575,0.7575,0.7131767240346103,0.7969242660565541
instruct_sft,0.2,asch_zhu_unbiased_unanimous_neutral,400.0,300.0,0.75,0.75,0.7053220081939279,0.7899216715062317
instruct_sft,0.2,asch_zhu_unbiased_unanimous_plain,400.0,202.0,0.505,0.505,0.4561884685810796,0.5537164050129236
instruct_sft,0.2,asch_zhu_unbiased_unanimous_uncertain,400.0,268.0,0.67,0.67,0.6224932007707696,0.7142725014253389
instruct_sft,0.2,authoritative_bias,400.0,179.0,0.4475,0.4475,0.39950002860195316,0.4964987986610134
instruct_sft,0.2,authority_zhu_unbiased_trust,400.0,161.0,0.4025,0.4025,0.3555882638828042,0.4512667010341336
instruct_sft,0.2,authority_zhu_unbiased_trust_da,400.0,174.0,0.435,0.435,0.3872618167504356,0.4839748265275229
instruct_sft,0.2,control,400.0,21.0,0.0525,0.0525,0.03459126500804263,0.07892254832867157
instruct_sft,0.4,asch_history_5,400.0,253.0,0.6325,0.6325,0.5841997778817278,0.6782793723593568
instruct_sft,0.4,asch_zhu_unbiased_da,400.0,159.0,0.3975,0.3975,0.3507344059122796,0.446215685410655
instruct_sft,0.4,asch_zhu_unbiased_diverse_plain,400.0,60.0,0.15,0.15,0.11834447398799032,0.18831437443178617
instruct_sft,0.4,asch_zhu_unbiased_qd,400.0,130.0,0.325,0.325,0.28095249494205327,0.372376929267835
instruct_sft,0.4,asch_zhu_unbiased_unanimous_confident,400.0,318.0,0.795,0.795,0.7527197602970003,0.8316677817491883
instruct_sft,0.4,asch_zhu_unbiased_unanimous_neutral,400.0,301.0,0.7525,0.7525,0.7079383715578094,0.7922577449393517
instruct_sft,0.4,asch_zhu_unbiased_unanimous_plain,400.0,196.0,0.49,0.49,0.4413384044602659,0.5388518483517277
instruct_sft,0.4,asch_zhu_unbiased_unanimous_uncertain,400.0,258.0,0.645,0.645,0.5969295604595849,0.6903117737665078
instruct_sft,0.4,authoritative_bias,400.0,207.0,0.5175,0.5175,0.4685967396420818,0.5660703179369293
instruct_sft,0.4,authority_zhu_unbiased_trust,400.0,171.0,0.4275,0.4275,0.37993373444987266,0.476445598437081
instruct_sft,0.4,authority_zhu_unbiased_trust_da,400.0,174.0,0.435,0.435,0.3872618167504356,0.4839748265275229
instruct_sft,0.4,control,400.0,21.0,0.0525,0.0525,0.03459126500804263,0.07892254832867157
instruct_sft,0.6,asch_history_5,400.0,251.0,0.6275,0.6275,0.5791173246752144,0.673456951971867
instruct_sft,0.6,asch_zhu_unbiased_da,400.0,140.0,0.35,0.35,0.304884853065619,0.39796893911428516
instruct_sft,0.6,asch_zhu_unbiased_diverse_plain,400.0,64.0,0.16,0.16,0.12733221459300603,0.19913638101477682
instruct_sft,0.6,asch_zhu_unbiased_qd,400.0,127.0,0.3175,0.3175,0.27380100813055436,0.3646711056883291
instruct_sft,0.6,asch_zhu_unbiased_unanimous_confident,400.0,322.0,0.805,0.805,0.7633473269466908,0.8408499622875041
instruct_sft,0.6,asch_zhu_unbiased_unanimous_neutral,400.0,297.0,0.7425,0.7425,0.6974839488186009,0.7829024204905541
instruct_sft,0.6,asch_zhu_unbiased_unanimous_plain,400.0,188.0,0.47,0.47,0.42160601793747937,0.5189647404985014
instruct_sft,0.6,asch_zhu_unbiased_unanimous_uncertain,400.0,266.0,0.665,0.665,0.6173691278572266,0.7094917007448789
instruct_sft,0.6,authoritative_bias,400.0,220.0,0.55,0.55,0.5010000980193108,0.5980486379207213
instruct_sft,0.6,authority_zhu_unbiased_trust,400.0,171.0,0.4275,0.4275,0.37993373444987266,0.476445598437081
instruct_sft,0.6,authority_zhu_unbiased_trust_da,400.0,173.0,0.4325,0.4325,0.38481788076603707,0.48146632571491976
instruct_sft,0.6,control,400.0,20.0,0.05,0.05,0.0325971756266401,0.07596420091307252
instruct_sft,0.8,asch_history_5,400.0,239.0,0.5975,0.5975,0.5487332989658665,0.6444117361171958
instruct_sft,0.8,asch_zhu_unbiased_da,400.0,148.0,0.37,0.37,0.32413116790213314,0.4183421186537838
instruct_sft,0.8,asch_zhu_unbiased_diverse_plain,400.0,66.0,0.165,0.165,0.13184448183586026,0.2045289873659258
instruct_sft,0.8,asch_zhu_unbiased_qd,400.0,134.0,0.335,0.335,0.29050829925512117,0.3826308721427734
instruct_sft,0.8,asch_zhu_unbiased_unanimous_confident,400.0,319.0,0.7975,0.7975,0.7553731579625759,0.8339668208806142
instruct_sft,0.8,asch_zhu_unbiased_unanimous_neutral,400.0,280.0,0.7,0.7,0.6533618692890616,0.7428330744710662
instruct_sft,0.8,asch_zhu_unbiased_unanimous_plain,400.0,190.0,0.475,0.475,0.4265318481465433,0.5239437838834407
instruct_sft,0.8,asch_zhu_unbiased_unanimous_uncertain,400.0,239.0,0.5975,0.5975,0.5487332989658665,0.6444117361171958
instruct_sft,0.8,authoritative_bias,400.0,227.0,0.5675,0.5675,0.5185336742850802,0.6151821192339629
instruct_sft,0.8,authority_zhu_unbiased_trust,400.0,189.0,0.4725,0.4725,0.4240683265333157,0.5214548686996666
instruct_sft,0.8,authority_zhu_unbiased_trust_da,400.0,175.0,0.4375,0.4375,0.3897069912730114,0.4864820888019487
instruct_sft,0.8,control,400.0,20.0,0.05,0.05,0.0325971756266401,0.07596420091307252
instruct_sft,1.0,asch_history_5,400.0,221.0,0.5525,0.5525,0.5035012013389867,0.6004999713980469
instruct_sft,1.0,asch_zhu_unbiased_da,400.0,142.0,0.355,0.355,0.30968822623349224,0.4030704395404151
instruct_sft,1.0,asch_zhu_unbiased_diverse_plain,400.0,64.0,0.16,0.16,0.12733221459300603,0.19913638101477682
instruct_sft,1.0,asch_zhu_unbiased_qd,400.0,147.0,0.3675,0.3675,0.32172062764064313,0.41580022211827217
instruct_sft,1.0,asch_zhu_unbiased_unanimous_confident,400.0,311.0,0.7775,0.7775,0.7342081120211835,0.8155123724459937
instruct_sft,1.0,asch_zhu_unbiased_unanimous_neutral,400.0,248.0,0.62,0.62,0.5715036398060113,0.6662133264500655
instruct_sft,1.0,asch_zhu_unbiased_unanimous_plain,400.0,166.0,0.415,0.415,0.36774522964195816,0.46387191925998755
instruct_sft,1.0,asch_zhu_unbiased_unanimous_uncertain,400.0,223.0,0.5575,0.5575,0.5085070928349432,0.6053989534960934
instruct_sft,1.0,authoritative_bias,400.0,207.0,0.5175,0.5175,0.4685967396420818,0.5660703179369293
instruct_sft,1.0,authority_zhu_unbiased_trust,400.0,189.0,0.4725,0.4725,0.4240683265333157,0.5214548686996666
instruct_sft,1.0,authority_zhu_unbiased_trust_da,400.0,174.0,0.435,0.435,0.3872618167504356,0.4839748265275229
instruct_sft,1.0,control,400.0,22.0,0.055,0.055,0.036598221864059276,0.08186802826965653
think,0.0,asch_zhu_unbiased_unanimous_confident,400.0,117.0,0.2925,0.2925,0.25006128808159916,0.3388864577672683
think,0.0,authoritative_bias,400.0,84.0,0.21,0.21,0.17293709734247628,0.2525802342053385
think,0.0,authority_zhu_unbiased_trust,400.0,106.0,0.265,0.265,0.22413301235879635,0.31033792872305355
think,0.0,control,400.0,24.0,0.06,0.06,0.0406476805246611,0.0877234432030579
think,0.6,asch_zhu_unbiased_unanimous_confident,400.0,98.0,0.245,0.245,0.20540805053884156,0.28944339616699555
think,0.6,authoritative_bias,400.0,113.0,0.2825,0.2825,0.24060954581038724,0.3285284528504738
think,0.6,authority_zhu_unbiased_trust,400.0,125.0,0.3125,0.3125,0.26904080101876354,0.35952643920611665
think,0.6,control,400.0,33.0,0.0825,0.0825,0.059345516507342,0.11359753839339136
think_dpo,0.0,asch_zhu_unbiased_unanimous_confident,400.0,114.0,0.285,0.285,0.24297004043196901,0.33112039502589363
think_dpo,0.0,authoritative_bias,400.0,111.0,0.2775,0.2775,0.23589351571381517,0.3233396093530428
think_dpo,0.0,authority_zhu_unbiased_trust,400.0,110.0,0.275,0.275,0.2335380071267212,0.32074268114313514
think_dpo,0.0,control,400.0,32.0,0.08,0.08,0.057235397942962354,0.11075522016076943
think_dpo,0.6,asch_zhu_unbiased_unanimous_confident,400.0,116.0,0.29,0.29,0.24769592405093643,0.3362993850009294
think_dpo,0.6,authoritative_bias,400.0,110.0,0.275,0.275,0.2335380071267212,0.32074268114313514
think_dpo,0.6,authority_zhu_unbiased_trust,400.0,110.0,0.275,0.275,0.2335380071267212,0.32074268114313514
think_dpo,0.6,control,400.0,32.0,0.08,0.08,0.057235397942962354,0.11075522016076943
think_sft,0.0,asch_zhu_unbiased_unanimous_confident,400.0,129.0,0.3225,0.3225,0.27856718806945857,0.36980979934342806
think_sft,0.0,authoritative_bias,400.0,106.0,0.265,0.265,0.22413301235879635,0.31033792872305355
think_sft,0.0,authority_zhu_unbiased_trust,400.0,148.0,0.37,0.37,0.32413116790213314,0.4183421186537838
think_sft,0.0,control,400.0,34.0,0.085,0.085,0.061462653163424086,0.11643283853431088
think_sft,0.6,asch_zhu_unbiased_unanimous_confident,400.0,133.0,0.3325,0.3325,0.28811717839304024,0.3800695562078528
think_sft,0.6,authoritative_bias,400.0,106.0,0.265,0.265,0.22413301235879635,0.31033792872305355
think_sft,0.6,authority_zhu_unbiased_trust,400.0,133.0,0.3325,0.3325,0.28811717839304024,0.3800695562078528
think_sft,0.6,control,400.0,40.0,0.1,0.1,0.07429885168964503,0.13331126079009953
