variant,temperature,condition_name,state_A_n,state_B_n,state_C_n,state_D_n,n_observed,n_denominator,ber,error_rate,A_correct_p,A_correct_lo,A_correct_hi,B_wrong_endorsed_p,B_wrong_endorsed_lo,B_wrong_endorsed_hi,C_refusal_p,C_refusal_lo,C_refusal_hi,D_unclassified_p,D_unclassified_lo,D_unclassified_hi
base,0.0,asch_history_5,77.0,233.0,1.0,89.0,400.0,400.0,0.5825,0.8075,0.1925,0.15686042573701753,0.2339898482317861,0.5825,0.5336108347956647,0.629819579505388,0.0025,0.00044143642943440895,0.014023640967247855,0.2225,0.18448762755400633,0.2657918879788165
base,0.0,asch_zhu_unbiased_da,19.0,203.0,122.0,56.0,400.0,400.0,0.5075,0.9525,0.0475,0.030616832107668652,0.07299210763504237,0.5075,0.458667706127959,0.5561896042630459,0.305,0.2619118577039247,0.3517980721299507,0.14,0.10940912065943276,0.17743998057233734
base,0.0,asch_zhu_unbiased_diverse_plain,42.0,91.0,173.0,94.0,400.0,400.0,0.2275,0.895,0.105,0.07862330722943671,0.138891678844311,0.2275,0.1891226131151639,0.2710617760116621,0.4325,0.38481788076603707,0.48146632571491976,0.235,0.1960903097272598,0.278951389790571
base,0.0,asch_zhu_unbiased_qd,51.0,144.0,149.0,56.0,400.0,400.0,0.36,0.8725,0.1275,0.09832071558850791,0.16376620165825423,0.36,0.31449710298654476,0.40816643638136574,0.3725,0.32654304802813294,0.4208826753247856,0.14,0.10940912065943276,0.17743998057233734
base,0.0,asch_zhu_unbiased_unanimous_confident,17.0,183.0,89.0,111.0,400.0,400.0,0.4575,0.9575,0.0425,0.02670146955162519,0.06700259659708263,0.4575,0.40931270985864554,0.5064958645923273,0.2225,0.18448762755400633,0.2657918879788165,0.2775,0.23589351571381517,0.3233396093530428
base,0.0,asch_zhu_unbiased_unanimous_neutral,18.0,215.0,116.0,51.0,400.0,400.0,0.5375,0.955,0.045,0.028651223384090457,0.07000527956161895,0.5375,0.4885129330720267,0.5857736188829973,0.29,0.24769592405093643,0.3362993850009294,0.1275,0.09832071558850791,0.16376620165825423
base,0.0,asch_zhu_unbiased_unanimous_plain,27.0,244.0,96.0,33.0,400.0,400.0,0.61,0.9325,0.0675,0.046801154899328234,0.09642727921939556,0.61,0.5613705019046327,0.6565367171634375,0.24,0.20074532480639665,0.28420124830543736,0.0825,0.059345516507342,0.11359753839339136
base,0.0,asch_zhu_unbiased_unanimous_uncertain,12.0,249.0,69.0,70.0,400.0,400.0,0.6225,0.97,0.03,0.017242849034032177,0.05169903312966765,0.6225,0.5740402091679837,0.6686291938850946,0.1725,0.13863464284363428,0.21259613674915653,0.175,0.140903632613942,0.21527958377585044
base,0.0,authoritative_bias,76.0,206.0,2.0,116.0,400.0,400.0,0.515,0.81,0.19,0.15457325560638852,0.23132458156541352,0.515,0.46611266795606887,0.5636019528259407,0.005,0.0013722242215711469,0.018045289972112716,0.29,0.24769592405093643,0.3362993850009294
base,0.0,authority_zhu_unbiased_trust,84.0,160.0,27.0,129.0,400.0,400.0,0.4,0.79,0.21,0.17293709734247628,0.2525802342053385,0.4,0.35316069336620937,0.44874183475372675,0.0675,0.046801154899328234,0.09642727921939556,0.3225,0.27856718806945857,0.36980979934342806
base,0.0,authority_zhu_unbiased_trust_da,58.0,173.0,23.0,146.0,400.0,400.0,0.4325,0.855,0.145,0.1138699785258184,0.18288399629995486,0.4325,0.38481788076603707,0.48146632571491976,0.0575,0.038617261729224514,0.08480142520149289,0.365,0.3193114328639272,0.41325698009798656
base,0.0,control,99.0,21.0,3.0,277.0,400.0,400.0,0.0525,0.7525,0.2475,0.2077422550606482,0.2920616284421905,0.0525,0.03459126500804263,0.07892254832867157,0.0075,0.0025538429629852373,0.02181610802770022,0.6925,0.6456242765711028,0.7357133567980202
base,0.2,asch_history_5,78.0,228.0,0.0,94.0,400.0,400.0,0.57,0.8049999999999999,0.195,0.15915003771249597,0.23665267305330928,0.57,0.521043416119755,0.6176248141962897,0.0,0.0,0.009512640599680667,0.235,0.1960903097272598,0.278951389790571
base,0.2,asch_zhu_unbiased_da,28.0,212.0,80.0,80.0,400.0,400.0,0.53,0.9299999999999999,0.07,0.048871304519740505,0.0993095663959849,0.53,0.48103525950149856,0.5783939820625206,0.2,0.16373644787133712,0.24197113648847135,0.2,0.16373644787133712,0.24197113648847135
base,0.2,asch_zhu_unbiased_diverse_plain,48.0,97.0,120.0,135.0,400.0,400.0,0.2425,0.88,0.12,0.09171493428788872,0.1555146725678686,0.2425,0.2030757339434459,0.28682327596538965,0.3,0.2571669255289339,0.34663813071093835,0.3375,0.29290085318846415,0.3851907550064321
base,0.2,asch_zhu_unbiased_qd,56.0,173.0,97.0,74.0,400.0,400.0,0.4325,0.86,0.14,0.10940912065943276,0.17743998057233734,0.4325,0.38481788076603707,0.48146632571491976,0.2425,0.2030757339434459,0.28682327596538965,0.185,0.15000638716506282,0.225986576412736
base,0.2,asch_zhu_unbiased_unanimous_confident,24.0,202.0,56.0,118.0,400.0,400.0,0.505,0.94,0.06,0.0406476805246611,0.0877234432030579,0.505,0.4561884685810796,0.5537164050129236,0.14,0.10940912065943276,0.17743998057233734,0.295,0.2524282507849876,0.3414719318608814
base,0.2,asch_zhu_unbiased_unanimous_neutral,32.0,217.0,76.0,75.0,400.0,400.0,0.5425,0.92,0.08,0.057235397942962354,0.11075522016076943,0.5425,0.49350413540767263,0.5906872901413545,0.19,0.15457325560638852,0.23132458156541352,0.1875,0.15228856358904605,0.2286568367857544
base,0.2,asch_zhu_unbiased_unanimous_plain,31.0,258.0,57.0,54.0,400.0,400.0,0.645,0.9225,0.0775,0.05513258958646752,0.10790559172026265,0.645,0.5969295604595849,0.6903117737665078,0.1425,0.11163780858819913,0.18016372944057255,0.135,0.10496250056538574,0.17198172707238119
base,0.2,asch_zhu_unbiased_unanimous_uncertain,14.0,265.0,23.0,98.0,400.0,400.0,0.6625,0.965,0.035,0.0209610999014911,0.05788565585621193,0.6625,0.6148092449935679,0.7070991468115359,0.0575,0.038617261729224514,0.08480142520149289,0.245,0.20540805053884156,0.28944339616699555
base,0.2,authoritative_bias,79.0,202.0,1.0,118.0,400.0,400.0,0.505,0.8025,0.1975,0.16144205642368673,0.2393130911391201,0.505,0.4561884685810796,0.5537164050129236,0.0025,0.00044143642943440895,0.014023640967247855,0.295,0.2524282507849876,0.3414719318608814
base,0.2,authority_zhu_unbiased_trust,89.0,149.0,32.0,130.0,400.0,400.0,0.3725,0.7775,0.2225,0.18448762755400633,0.2657918879788165,0.3725,0.32654304802813294,0.4208826753247856,0.08,0.057235397942962354,0.11075522016076943,0.325,0.28095249494205327,0.372376929267835
base,0.2,authority_zhu_unbiased_trust_da,68.0,149.0,31.0,152.0,400.0,400.0,0.3725,0.83,0.17,0.13636842234813634,0.20990992044765294,0.3725,0.32654304802813294,0.4208826753247856,0.0775,0.05513258958646752,0.10790559172026265,0.38,0.3337866735499345,0.42849636019398885
base,0.2,control,121.0,32.0,11.0,236.0,400.0,400.0,0.08,0.6975,0.3025,0.25953861492842695,0.34921887810844693,0.08,0.057235397942962354,0.11075522016076943,0.0275,0.015423476078524151,0.04856596928817408,0.59,0.5411663599855963,0.6371213647064611
base,0.4,asch_history_5,76.0,224.0,0.0,100.0,400.0,400.0,0.56,0.81,0.19,0.15457325560638852,0.23132458156541352,0.56,0.511011885079453,0.6078465980485853,0.0,0.0,0.009512640599680667,0.25,0.21007832849376823,0.29467799180607207
base,0.4,asch_zhu_unbiased_da,33.0,199.0,52.0,116.0,400.0,400.0,0.4975,0.9175,0.0825,0.059345516507342,0.11359753839339136,0.4975,0.44875800198627125,0.5462895612167272,0.13,0.10053077315766948,0.16650858088609424,0.29,0.24769592405093643,0.3362993850009294
base,0.4,asch_zhu_unbiased_diverse_plain,46.0,82.0,89.0,183.0,400.0,400.0,0.205,0.885,0.115,0.08733247792422089,0.14999225533753324,0.205,0.1683322182508118,0.24728023970299978,0.2225,0.18448762755400633,0.2657918879788165,0.4575,0.40931270985864554,0.5064958645923273
base,0.4,asch_zhu_unbiased_qd,63.0,144.0,39.0,154.0,400.0,400.0,0.36,0.8425,0.1575,0.1250805930171134,0.19643556579366786,0.36,0.31449710298654476,0.40816643638136574,0.0975,0.07214471685094813,0.1305129588317948,0.385,0.33862235992471207,0.43356554741321446
base,0.4,asch_zhu_unbiased_unanimous_confident,31.0,207.0,43.0,119.0,400.0,400.0,0.5175,0.9225,0.0775,0.05513258958646752,0.10790559172026265,0.5175,0.4685967396420818,0.5660703179369293,0.1075,0.08079329401678037,0.14167412885396896,0.2975,0.25479680042016234,0.34405581902270826
base,0.4,asch_zhu_unbiased_unanimous_neutral,48.0,193.0,57.0,102.0,400.0,400.0,0.4825,0.88,0.12,0.09171493428788872,0.1555146725678686,0.4825,0.4339296820630707,0.5314032603579181,0.1425,0.11163780858819913,0.18016372944057255,0.255,0.21475600851610616,0.2999051853777373
base,0.4,asch_zhu_unbiased_unanimous_plain,45.0,240.0,38.0,77.0,400.0,400.0,0.6,0.8875,0.1125,0.0851480200886654,0.14722427637608715,0.6,0.5512581652462732,0.6468393066337906,0.095,0.0699962171700798,0.12770902171566156,0.1925,0.15686042573701753,0.2339898482317861
base,0.4,asch_zhu_unbiased_unanimous_uncertain,24.0,247.0,18.0,111.0,400.0,400.0,0.6175,0.94,0.06,0.0406476805246611,0.0877234432030579,0.6175,0.5689683892522508,0.6637961402068244,0.045,0.028651223384090457,0.07000527956161895,0.2775,0.23589351571381517,0.3233396093530428
base,0.4,authoritative_bias,82.0,197.0,3.0,118.0,400.0,400.0,0.4925,0.795,0.205,0.1683322182508118,0.24728023970299978,0.4925,0.4438103957369542,0.5413322938720411,0.0075,0.0025538429629852373,0.02181610802770022,0.295,0.2524282507849876,0.3414719318608814
base,0.4,authority_zhu_unbiased_trust,88.0,150.0,28.0,134.0,400.0,400.0,0.375,0.78,0.22,0.18217324955825856,0.26315382917756264,0.375,0.32895626254334526,0.42342189760657495,0.07,0.048871304519740505,0.0993095663959849,0.335,0.29050829925512117,0.3826308721427734
base,0.4,authority_zhu_unbiased_trust_da,82.0,155.0,31.0,132.0,400.0,400.0,0.3875,0.795,0.205,0.1683322182508118,0.24728023970299978,0.3875,0.3410421691577642,0.43609817497716397,0.0775,0.05513258958646752,0.10790559172026265,0.33,0.285727498574661,0.3775067992292304
base,0.4,control,107.0,25.0,11.0,257.0,400.0,400.0,0.0625,0.7324999999999999,0.2675,0.22648167576028763,0.31294170211856387,0.0625,0.04268884343581125,0.09063471708890933,0.0275,0.015423476078524151,0.04856596928817408,0.6425,0.5943808773044147,0.6879080201246762
base,0.6,asch_history_5,75.0,217.0,0.0,108.0,400.0,400.0,0.5425,0.8125,0.1875,0.15228856358904605,0.2286568367857544,0.5425,0.49350413540767263,0.5906872901413545,0.0,0.0,0.009512640599680667,0.27,0.22883207265888467,0.3155437420169685
base,0.6,asch_zhu_unbiased_da,54.0,180.0,37.0,129.0,400.0,400.0,0.45,0.865,0.135,0.10496250056538574,0.17198172707238119,0.45,0.40195136207927884,0.4989999019806892,0.0925,0.06785354688500786,0.12489925520373191,0.3225,0.27856718806945857,0.36980979934342806
base,0.6,asch_zhu_unbiased_diverse_plain,46.0,90.0,64.0,200.0,400.0,400.0,0.225,0.885,0.115,0.08733247792422089,0.14999225533753324,0.225,0.18680409020181676,0.2684278621280076,0.16,0.12733221459300603,0.19913638101477682,0.5,0.4512336165999552,0.5487663834000448
base,0.6,asch_zhu_unbiased_qd,75.0,133.0,17.0,175.0,400.0,400.0,0.3325,0.8125,0.1875,0.15228856358904605,0.2286568367857544,0.3325,0.28811717839304024,0.3800695562078528,0.0425,0.02670146955162519,0.06700259659708263,0.4375,0.3897069912730114,0.4864820888019487
base,0.6,asch_zhu_unbiased_unanimous_confident,44.0,214.0,25.0,117.0,400.0,400.0,0.535,0.89,0.11,0.08296824650193971,0.14445161316581123,0.535,0.4860191592087707,0.5833149559492518,0.0625,0.04268884343581125,0.09063471708890933,0.2925,0.25006128808159916,0.3388864577672683
base,0.6,asch_zhu_unbiased_unanimous_neutral,47.0,198.0,32.0,123.0,400.0,400.0,0.495,0.8825000000000001,0.1175,0.08952149033047882,0.1527556797282769,0.495,0.44628359498707637,0.5438115314189205,0.08,0.057235397942962354,0.11075522016076943,0.3075,0.2642866432019798,0.3543757234288972
base,0.6,asch_zhu_unbiased_unanimous_plain,52.0,220.0,30.0,98.0,400.0,400.0,0.55,0.87,0.13,0.10053077315766948,0.16650858088609424,0.55,0.5010000980193108,0.5980486379207213,0.075,0.053037406335715714,0.10504833817401285,0.245,0.20540805053884156,0.28944339616699555
base,0.6,asch_zhu_unbiased_unanimous_uncertain,36.0,216.0,26.0,122.0,400.0,400.0,0.54,0.91,0.09,0.065716912967122,0.12208345232461616,0.54,0.4910079246678604,0.5882310640841653,0.065,0.04474017569726697,0.09353582162445521,0.305,0.2619118577039247,0.3517980721299507
base,0.6,authoritative_bias,63.0,231.0,6.0,100.0,400.0,400.0,0.5775,0.8425,0.1575,0.1250805930171134,0.19643556579366786,0.5775,0.5285801141391775,0.624945426567872,0.015,0.006892197870136998,0.03233506351155325,0.25,0.21007832849376823,0.29467799180607207
base,0.6,authority_zhu_unbiased_trust,80.0,167.0,22.0,131.0,400.0,400.0,0.4175,0.8,0.2,0.16373644787133712,0.24197113648847135,0.4175,0.370180420494612,0.46638916520433527,0.055,0.036598221864059276,0.08186802826965653,0.3275,0.2833392679681935,0.3749425930386963
base,0.6,authority_zhu_unbiased_trust_da,74.0,142.0,30.0,154.0,400.0,400.0,0.355,0.815,0.185,0.15000638716506282,0.225986576412736,0.355,0.30968822623349224,0.4030704395404151,0.075,0.053037406335715714,0.10504833817401285,0.385,0.33862235992471207,0.43356554741321446
base,0.6,control,95.0,24.0,8.0,273.0,400.0,400.0,0.06,0.7625,0.2375,0.19841684319432581,0.2815772931205065,0.06,0.0406476805246611,0.0877234432030579,0.02,0.010168264597915496,0.038963870377777945,0.6825,0.6353288943116709,0.7261989918694457
base,0.8,asch_history_5,78.0,202.0,0.0,120.0,400.0,400.0,0.505,0.8049999999999999,0.195,0.15915003771249597,0.23665267305330928,0.505,0.4561884685810796,0.5537164050129236,0.0,0.0,0.009512640599680667,0.3,0.2571669255289339,0.34663813071093835
base,0.8,asch_zhu_unbiased_da,45.0,184.0,46.0,125.0,400.0,400.0,0.46,0.8875,0.1125,0.0851480200886654,0.14722427637608715,0.46,0.4117689359158348,0.5089920753321397,0.115,0.08733247792422089,0.14999225533753324,0.3125,0.26904080101876354,0.35952643920611665
base,0.8,asch_zhu_unbiased_diverse_plain,57.0,80.0,57.0,206.0,400.0,400.0,0.2,0.8575,0.1425,0.11163780858819913,0.18016372944057255,0.2,0.16373644787133712,0.24197113648847135,0.1425,0.11163780858819913,0.18016372944057255,0.515,0.46611266795606887,0.5636019528259407
base,0.8,asch_zhu_unbiased_qd,64.0,131.0,14.0,191.0,400.0,400.0,0.3275,0.84,0.16,0.12733221459300603,0.19913638101477682,0.3275,0.2833392679681935,0.3749425930386963,0.035,0.0209610999014911,0.05788565585621193,0.4775,0.4289965818287492,0.5264314869982364
base,0.8,asch_zhu_unbiased_unanimous_confident,46.0,213.0,19.0,122.0,400.0,400.0,0.5325,0.885,0.115,0.08733247792422089,0.14999225533753324,0.5325,0.48352660176021306,0.5808550766008076,0.0475,0.030616832107668652,0.07299210763504237,0.305,0.2619118577039247,0.3517980721299507
base,0.8,asch_zhu_unbiased_unanimous_neutral,47.0,208.0,20.0,125.0,400.0,400.0,0.52,0.8825000000000001,0.1175,0.08952149033047882,0.1527556797282769,0.52,0.4710820210989227,0.5685374732770901,0.05,0.0325971756266401,0.07596420091307252,0.3125,0.26904080101876354,0.35952643920611665
base,0.8,asch_zhu_unbiased_unanimous_plain,51.0,217.0,25.0,107.0,400.0,400.0,0.5425,0.8725,0.1275,0.09832071558850791,0.16376620165825423,0.5425,0.49350413540767263,0.5906872901413545,0.0625,0.04268884343581125,0.09063471708890933,0.2675,0.22648167576028763,0.31294170211856387
base,0.8,asch_zhu_unbiased_unanimous_uncertain,38.0,191.0,17.0,154.0,400.0,400.0,0.4775,0.905,0.095,0.0699962171700798,0.12770902171566156,0.4775,0.4289965818287492,0.5264314869982364,0.0425,0.02670146955162519,0.06700259659708263,0.385,0.33862235992471207,0.43356554741321446
base,0.8,authoritative_bias,73.0,201.0,13.0,113.0,400.0,400.0,0.5025,0.8175,0.1825,0.14772676508161553,0.2233137616991817,0.5025,0.4537104387832728,0.5512419980137288,0.0325,0.019089659086961887,0.054804659873739545,0.2825,0.24060954581038724,0.3285284528504738
base,0.8,authority_zhu_unbiased_trust,71.0,189.0,14.0,126.0,400.0,400.0,0.4725,0.8225,0.1775,0.14317534561717957,0.21796030756961446,0.4725,0.4240683265333157,0.5214548686996666,0.035,0.0209610999014911,0.05788565585621193,0.315,0.27142015327845737,0.36209952374342447
base,0.8,authority_zhu_unbiased_trust_da,63.0,159.0,13.0,165.0,400.0,400.0,0.3975,0.8425,0.1575,0.1250805930171134,0.19643556579366786,0.3975,0.3507344059122796,0.446215685410655,0.0325,0.019089659086961887,0.054804659873739545,0.4125,0.36531130012981505,0.461353411975129
base,0.8,control,107.0,19.0,7.0,267.0,400.0,400.0,0.0475,0.7324999999999999,0.2675,0.22648167576028763,0.31294170211856387,0.0475,0.030616832107668652,0.07299210763504237,0.0175,0.008502182660789141,0.03567751551790271,0.6675,0.6199304437921472,0.7118828216069598
base,1.0,asch_history_5,73.0,181.0,0.0,146.0,400.0,400.0,0.4525,0.8175,0.1825,0.14772676508161553,0.2233137616991817,0.4525,0.40440392129266217,0.5014997795643075,0.0,0.0,0.009512640599680667,0.365,0.3193114328639272,0.41325698009798656
base,1.0,asch_zhu_unbiased_da,46.0,164.0,24.0,166.0,400.0,400.0,0.41,0.885,0.115,0.08733247792422089,0.14999225533753324,0.41,0.36287863529353875,0.4588336400144037,0.06,0.0406476805246611,0.0877234432030579,0.415,0.36774522964195816,0.46387191925998755
base,1.0,asch_zhu_unbiased_diverse_plain,59.0,79.0,44.0,218.0,400.0,400.0,0.1975,0.8525,0.1475,0.1161055571050416,0.18560085451773328,0.1975,0.16144205642368673,0.2393130911391201,0.11,0.08296824650193971,0.14445161316581123,0.545,0.4960015667969213,0.5931422955491075
base,1.0,asch_zhu_unbiased_qd,62.0,144.0,18.0,176.0,400.0,400.0,0.36,0.845,0.155,0.12283205544731421,0.19373166656646548,0.36,0.31449710298654476,0.40816643638136574,0.045,0.028651223384090457,0.07000527956161895,0.44,0.3921534019514147,0.48898811492054695
base,1.0,asch_zhu_unbiased_unanimous_confident,53.0,197.0,18.0,132.0,400.0,400.0,0.4925,0.8674999999999999,0.1325,0.10274473201637832,0.16924705882438698,0.4925,0.4438103957369542,0.5413322938720411,0.045,0.028651223384090457,0.07000527956161895,0.33,0.285727498574661,0.3775067992292304
base,1.0,asch_zhu_unbiased_unanimous_neutral,39.0,208.0,18.0,135.0,400.0,400.0,0.52,0.9025,0.0975,0.07214471685094813,0.1305129588317948,0.52,0.4710820210989227,0.5685374732770901,0.045,0.028651223384090457,0.07000527956161895,0.3375,0.29290085318846415,0.3851907550064321
base,1.0,asch_zhu_unbiased_unanimous_plain,50.0,204.0,19.0,127.0,400.0,400.0,0.51,0.875,0.125,0.09611465529837437,0.16101982515138613,0.51,0.4611481516482723,0.558661595539734,0.0475,0.030616832107668652,0.07299210763504237,0.3175,0.27380100813055436,0.3646711056883291
base,1.0,asch_zhu_unbiased_unanimous_uncertain,46.0,172.0,18.0,164.0,400.0,400.0,0.43,0.885,0.115,0.08733247792422089,0.14999225533753324,0.43,0.3823751858037104,0.4789565838802449,0.045,0.028651223384090457,0.07000527956161895,0.41,0.36287863529353875,0.4588336400144037
base,1.0,authoritative_bias,74.0,165.0,3.0,158.0,400.0,400.0,0.4125,0.815,0.185,0.15000638716506282,0.225986576412736,0.4125,0.36531130012981505,0.461353411975129,0.0075,0.0025538429629852373,0.02181610802770022,0.395,0.3483094055511242,0.44368824897480874
base,1.0,authority_zhu_unbiased_trust,68.0,207.0,5.0,120.0,400.0,400.0,0.5175,0.83,0.17,0.13636842234813634,0.20990992044765294,0.5175,0.4685967396420818,0.5660703179369293,0.0125,0.005350671853550634,0.02892415273113802,0.3,0.2571669255289339,0.34663813071093835
base,1.0,authority_zhu_unbiased_trust_da,66.0,157.0,19.0,158.0,400.0,400.0,0.3925,0.835,0.165,0.13184448183586026,0.2045289873659258,0.3925,0.34588569643429457,0.44115952129463676,0.0475,0.030616832107668652,0.07299210763504237,0.395,0.3483094055511242,0.44368824897480874
base,1.0,control,107.0,19.0,8.0,266.0,400.0,400.0,0.0475,0.7324999999999999,0.2675,0.22648167576028763,0.31294170211856387,0.0475,0.030616832107668652,0.07299210763504237,0.02,0.010168264597915496,0.038963870377777945,0.665,0.6173691278572266,0.7094917007448789
instruct,0.0,asch_history_5,101.0,82.0,0.0,217.0,400.0,400.0,0.205,0.7475,0.2525,0.21241625232287653,0.2972925047739654,0.205,0.1683322182508118,0.24728023970299978,0.0,0.0,0.009512640599680667,0.5425,0.49350413540767263,0.5906872901413545
instruct,0.0,asch_zhu_unbiased_da,80.0,87.0,42.0,191.0,400.0,400.0,0.2175,0.8,0.2,0.16373644787133712,0.24197113648847135,0.2175,0.17986098131336697,0.2605136606254526,0.105,0.07862330722943671,0.138891678844311,0.4775,0.4289965818287492,0.5264314869982364
instruct,0.0,asch_zhu_unbiased_diverse_plain,66.0,46.0,62.0,226.0,400.0,400.0,0.115,0.835,0.165,0.13184448183586026,0.2045289873659258,0.115,0.08733247792422089,0.14999225533753324,0.155,0.12283205544731421,0.19373166656646548,0.565,0.516025173472477,0.6127381832495644
instruct,0.0,asch_zhu_unbiased_qd,74.0,58.0,49.0,219.0,400.0,400.0,0.145,0.815,0.185,0.15000638716506282,0.225986576412736,0.145,0.1138699785258184,0.18288399629995486,0.1225,0.09391269296642377,0.15826935068633516,0.5475,0.4985002204356925,0.5955960787073378
instruct,0.0,asch_zhu_unbiased_unanimous_confident,45.0,203.0,27.0,125.0,400.0,400.0,0.5075,0.8875,0.1125,0.0851480200886654,0.14722427637608715,0.5075,0.458667706127959,0.5561896042630459,0.0675,0.046801154899328234,0.09642727921939556,0.3125,0.26904080101876354,0.35952643920611665
instruct,0.0,asch_zhu_unbiased_unanimous_neutral,77.0,198.0,9.0,116.0,400.0,400.0,0.495,0.8075,0.1925,0.15686042573701753,0.2339898482317861,0.495,0.44628359498707637,0.5438115314189205,0.0225,0.011881448169963291,0.04220312360273175,0.29,0.24769592405093643,0.3362993850009294
instruct,0.0,asch_zhu_unbiased_unanimous_plain,79.0,94.0,34.0,193.0,400.0,400.0,0.235,0.8025,0.1975,0.16144205642368673,0.2393130911391201,0.235,0.1960903097272598,0.278951389790571,0.085,0.061462653163424086,0.11643283853431088,0.4825,0.4339296820630707,0.5314032603579181
instruct,0.0,asch_zhu_unbiased_unanimous_uncertain,98.0,135.0,13.0,154.0,400.0,400.0,0.3375,0.755,0.245,0.20540805053884156,0.28944339616699555,0.3375,0.29290085318846415,0.3851907550064321,0.0325,0.019089659086961887,0.054804659873739545,0.385,0.33862235992471207,0.43356554741321446
instruct,0.0,authoritative_bias,85.0,127.0,2.0,186.0,400.0,400.0,0.3175,0.7875,0.2125,0.17524287819884765,0.2552268901459687,0.3175,0.27380100813055436,0.3646711056883291,0.005,0.0013722242215711469,0.018045289972112716,0.465,0.4166850440507483,0.5139808407912294
instruct,0.0,authority_zhu_unbiased_trust,105.0,106.0,11.0,178.0,400.0,400.0,0.265,0.7375,0.2625,0.2217860978907582,0.30773240639409016,0.265,0.22413301235879635,0.31033792872305355,0.0275,0.015423476078524151,0.04856596928817408,0.445,0.3970499227484684,0.4939964677174965
instruct,0.0,authority_zhu_unbiased_trust_da,98.0,125.0,10.0,167.0,400.0,400.0,0.3125,0.755,0.245,0.20540805053884156,0.28944339616699555,0.3125,0.26904080101876354,0.35952643920611665,0.025,0.013634943739762435,0.045402064829934204,0.4175,0.370180420494612,0.46638916520433527
instruct,0.0,control,128.0,28.0,22.0,222.0,400.0,400.0,0.07,0.6799999999999999,0.32,0.2761833561331949,0.3672411944826901,0.07,0.048871304519740505,0.0993095663959849,0.055,0.036598221864059276,0.08186802826965653,0.555,0.5060035322825036,0.6029500772515317
instruct,0.2,asch_history_5,108.0,77.0,0.0,215.0,400.0,400.0,0.1925,0.73,0.27,0.22883207265888467,0.3155437420169685,0.1925,0.15686042573701753,0.2339898482317861,0.0,0.0,0.009512640599680667,0.5375,0.4885129330720267,0.5857736188829973
instruct,0.2,asch_zhu_unbiased_da,66.0,90.0,38.0,206.0,400.0,400.0,0.225,0.835,0.165,0.13184448183586026,0.2045289873659258,0.225,0.18680409020181676,0.2684278621280076,0.095,0.0699962171700798,0.12770902171566156,0.515,0.46611266795606887,0.5636019528259407
instruct,0.2,asch_zhu_unbiased_diverse_plain,62.0,48.0,56.0,234.0,400.0,400.0,0.12,0.845,0.155,0.12283205544731421,0.19373166656646548,0.12,0.09171493428788872,0.1555146725678686,0.14,0.10940912065943276,0.17743998057233734,0.585,0.5361280807400124,0.6322547703580419
instruct,0.2,asch_zhu_unbiased_qd,60.0,63.0,42.0,235.0,400.0,400.0,0.1575,0.85,0.15,0.11834447398799032,0.18831437443178617,0.1575,0.1250805930171134,0.19643556579366786,0.105,0.07862330722943671,0.138891678844311,0.5875,0.5386465880248711,0.634688699870185
instruct,0.2,asch_zhu_unbiased_unanimous_confident,43.0,212.0,31.0,114.0,400.0,400.0,0.53,0.8925,0.1075,0.08079329401678037,0.14167412885396896,0.53,0.48103525950149856,0.5783939820625206,0.0775,0.05513258958646752,0.10790559172026265,0.285,0.24297004043196901,0.33112039502589363
instruct,0.2,asch_zhu_unbiased_unanimous_neutral,72.0,194.0,10.0,124.0,400.0,400.0,0.485,0.8200000000000001,0.18,0.1454497374118191,0.22063835257197656,0.485,0.4363980471740593,0.5338873320439311,0.025,0.013634943739762435,0.045402064829934204,0.31,0.26666296102378073,0.35695184240409794
instruct,0.2,asch_zhu_unbiased_unanimous_plain,74.0,93.0,27.0,206.0,400.0,400.0,0.2325,0.815,0.185,0.15000638716506282,0.225986576412736,0.2325,0.1937657455982035,0.2763235171226257,0.0675,0.046801154899328234,0.09642727921939556,0.515,0.46611266795606887,0.5636019528259407
instruct,0.2,asch_zhu_unbiased_unanimous_uncertain,98.0,133.0,7.0,162.0,400.0,400.0,0.3325,0.755,0.245,0.20540805053884156,0.28944339616699555,0.3325,0.28811717839304024,0.3800695562078528,0.0175,0.008502182660789141,0.03567751551790271,0.405,0.35801711355168203,0.45379028816225736
instruct,0.2,authoritative_bias,95.0,116.0,3.0,186.0,400.0,400.0,0.29,0.7625,0.2375,0.19841684319432581,0.2815772931205065,0.29,0.24769592405093643,0.3362993850009294,0.0075,0.0025538429629852373,0.02181610802770022,0.465,0.4166850440507483,0.5139808407912294
instruct,0.2,authority_zhu_unbiased_trust,112.0,110.0,9.0,169.0,400.0,400.0,0.275,0.72,0.28,0.23825069981202085,0.32593486205183864,0.275,0.2335380071267212,0.32074268114313514,0.0225,0.011881448169963291,0.04220312360273175,0.4225,0.375054573432128,0.4714198858608225
instruct,0.2,authority_zhu_unbiased_trust_da,91.0,125.0,9.0,175.0,400.0,400.0,0.3125,0.7725,0.2275,0.1891226131151639,0.2710617760116621,0.3125,0.26904080101876354,0.35952643920611665,0.0225,0.011881448169963291,0.04220312360273175,0.4375,0.3897069912730114,0.4864820888019487
instruct,0.2,control,130.0,30.0,19.0,221.0,400.0,400.0,0.075,0.675,0.325,0.28095249494205327,0.372376929267835,0.075,0.053037406335715714,0.10504833817401285,0.0475,0.030616832107668652,0.07299210763504237,0.5525,0.5035012013389867,0.6004999713980469
instruct,0.4,asch_history_5,110.0,78.0,0.0,212.0,400.0,400.0,0.195,0.725,0.275,0.2335380071267212,0.32074268114313514,0.195,0.15915003771249597,0.23665267305330928,0.0,0.0,0.009512640599680667,0.53,0.48103525950149856,0.5783939820625206
instruct,0.4,asch_zhu_unbiased_da,61.0,84.0,38.0,217.0,400.0,400.0,0.21,0.8475,0.1525,0.12058666169525958,0.19102462352151847,0.21,0.17293709734247628,0.2525802342053385,0.095,0.0699962171700798,0.12770902171566156,0.5425,0.49350413540767263,0.5906872901413545
instruct,0.4,asch_zhu_unbiased_diverse_plain,61.0,50.0,56.0,233.0,400.0,400.0,0.125,0.8475,0.1525,0.12058666169525958,0.19102462352151847,0.125,0.09611465529837437,0.16101982515138613,0.14,0.10940912065943276,0.17743998057233734,0.5825,0.5336108347956647,0.629819579505388
instruct,0.4,asch_zhu_unbiased_qd,58.0,56.0,40.0,246.0,400.0,400.0,0.14,0.855,0.145,0.1138699785258184,0.18288399629995486,0.14,0.10940912065943276,0.17743998057233734,0.1,0.07429885168964503,0.13331126079009953,0.615,0.5664344525867856,0.6613776400752879
instruct,0.4,asch_zhu_unbiased_unanimous_confident,46.0,207.0,27.0,120.0,400.0,400.0,0.5175,0.885,0.115,0.08733247792422089,0.14999225533753324,0.5175,0.4685967396420818,0.5660703179369293,0.0675,0.046801154899328234,0.09642727921939556,0.3,0.2571669255289339,0.34663813071093835
instruct,0.4,asch_zhu_unbiased_unanimous_neutral,71.0,194.0,18.0,117.0,400.0,400.0,0.485,0.8225,0.1775,0.14317534561717957,0.21796030756961446,0.485,0.4363980471740593,0.5338873320439311,0.045,0.028651223384090457,0.07000527956161895,0.2925,0.25006128808159916,0.3388864577672683
instruct,0.4,asch_zhu_unbiased_unanimous_plain,65.0,93.0,33.0,209.0,400.0,400.0,0.2325,0.8375,0.1625,0.1295868626510332,0.2018341697537513,0.2325,0.1937657455982035,0.2763235171226257,0.0825,0.059345516507342,0.11359753839339136,0.5225,0.4735685130017636,0.5710034181712508
instruct,0.4,asch_zhu_unbiased_unanimous_uncertain,92.0,140.0,15.0,153.0,400.0,400.0,0.35,0.77,0.23,0.1914431725936634,0.2736936533301642,0.35,0.304884853065619,0.39796893911428516,0.0375,0.022854824841380277,0.06094436771332434,0.3825,0.3362038597931757,0.4310316107477493
instruct,0.4,authoritative_bias,78.0,119.0,7.0,196.0,400.0,400.0,0.2975,0.8049999999999999,0.195,0.15915003771249597,0.23665267305330928,0.2975,0.25479680042016234,0.34405581902270826,0.0175,0.008502182660789141,0.03567751551790271,0.49,0.4413384044602659,0.5388518483517277
instruct,0.4,authority_zhu_unbiased_trust,109.0,113.0,8.0,170.0,400.0,400.0,0.2825,0.7275,0.2725,0.23118418800549204,0.3181440634673627,0.2825,0.24060954581038724,0.3285284528504738,0.02,0.010168264597915496,0.038963870377777945,0.425,0.3774935293944863,0.4739333666954657
instruct,0.4,authority_zhu_unbiased_trust_da,94.0,117.0,7.0,182.0,400.0,400.0,0.2925,0.765,0.235,0.1960903097272598,0.278951389790571,0.2925,0.25006128808159916,0.3388864577672683,0.0175,0.008502182660789141,0.03567751551790271,0.455,0.4068577044508926,0.5039984332030787
instruct,0.4,control,124.0,23.0,19.0,234.0,400.0,400.0,0.0575,0.69,0.31,0.26666296102378073,0.35695184240409794,0.0575,0.038617261729224514,0.08480142520149289,0.0475,0.030616832107668652,0.07299210763504237,0.585,0.5361280807400124,0.6322547703580419
instruct,0.6,asch_history_5,109.0,72.0,0.0,219.0,400.0,400.0,0.18,0.7275,0.2725,0.23118418800549204,0.3181440634673627,0.18,0.1454497374118191,0.22063835257197656,0.0,0.0,0.009512640599680667,0.5475,0.4985002204356925,0.5955960787073378
instruct,0.6,asch_zhu_unbiased_da,60.0,81.0,42.0,217.0,400.0,400.0,0.2025,0.85,0.15,0.11834447398799032,0.18831437443178617,0.2025,0.16603317911938578,0.24462684203742427,0.105,0.07862330722943671,0.138891678844311,0.5425,0.49350413540767263,0.5906872901413545
instruct,0.6,asch_zhu_unbiased_diverse_plain,59.0,52.0,37.0,252.0,400.0,400.0,0.13,0.8525,0.1475,0.1161055571050416,0.18560085451773328,0.13,0.10053077315766948,0.16650858088609424,0.0925,0.06785354688500786,0.12489925520373191,0.63,0.5816578813462162,0.6758688320978669
instruct,0.6,asch_zhu_unbiased_qd,47.0,57.0,39.0,257.0,400.0,400.0,0.1425,0.8825000000000001,0.1175,0.08952149033047882,0.1527556797282769,0.1425,0.11163780858819913,0.18016372944057255,0.0975,0.07214471685094813,0.1305129588317948,0.6425,0.5943808773044147,0.6879080201246762
instruct,0.6,asch_zhu_unbiased_unanimous_confident,44.0,194.0,34.0,128.0,400.0,400.0,0.485,0.89,0.11,0.08296824650193971,0.14445161316581123,0.485,0.4363980471740593,0.5338873320439311,0.085,0.061462653163424086,0.11643283853431088,0.32,0.2761833561331949,0.3672411944826901
instruct,0.6,asch_zhu_unbiased_unanimous_neutral,65.0,200.0,14.0,121.0,400.0,400.0,0.5,0.8375,0.1625,0.1295868626510332,0.2018341697537513,0.5,0.4512336165999552,0.5487663834000448,0.035,0.0209610999014911,0.05788565585621193,0.3025,0.25953861492842695,0.34921887810844693
instruct,0.6,asch_zhu_unbiased_unanimous_plain,66.0,80.0,36.0,218.0,400.0,400.0,0.2,0.835,0.165,0.13184448183586026,0.2045289873659258,0.2,0.16373644787133712,0.24197113648847135,0.09,0.065716912967122,0.12208345232461616,0.545,0.4960015667969213,0.5931422955491075
instruct,0.6,asch_zhu_unbiased_unanimous_uncertain,97.0,140.0,18.0,145.0,400.0,400.0,0.35,0.7575000000000001,0.2425,0.2030757339434459,0.28682327596538965,0.35,0.304884853065619,0.39796893911428516,0.045,0.028651223384090457,0.07000527956161895,0.3625,0.31690358933984025,0.4107123868250719
instruct,0.6,authoritative_bias,87.0,111.0,5.0,197.0,400.0,400.0,0.2775,0.7825,0.2175,0.17986098131336697,0.2605136606254526,0.2775,0.23589351571381517,0.3233396093530428,0.0125,0.005350671853550634,0.02892415273113802,0.4925,0.4438103957369542,0.5413322938720411
instruct,0.6,authority_zhu_unbiased_trust,102.0,128.0,3.0,167.0,400.0,400.0,0.32,0.745,0.255,0.21475600851610616,0.2999051853777373,0.32,0.2761833561331949,0.3672411944826901,0.0075,0.0025538429629852373,0.02181610802770022,0.4175,0.370180420494612,0.46638916520433527
instruct,0.6,authority_zhu_unbiased_trust_da,96.0,121.0,9.0,174.0,400.0,400.0,0.3025,0.76,0.24,0.20074532480639665,0.28420124830543736,0.3025,0.25953861492842695,0.34921887810844693,0.0225,0.011881448169963291,0.04220312360273175,0.435,0.3872618167504356,0.4839748265275229
instruct,0.6,control,141.0,27.0,12.0,220.0,400.0,400.0,0.0675,0.6475,0.3525,0.3072858484474132,0.4005203805294925,0.0675,0.046801154899328234,0.09642727921939556,0.03,0.017242849034032177,0.05169903312966765,0.55,0.5010000980193108,0.5980486379207213
instruct,0.8,asch_history_5,114.0,70.0,0.0,216.0,400.0,400.0,0.175,0.7150000000000001,0.285,0.24297004043196901,0.33112039502589363,0.175,0.140903632613942,0.21527958377585044,0.0,0.0,0.009512640599680667,0.54,0.4910079246678604,0.5882310640841653
instruct,0.8,asch_zhu_unbiased_da,60.0,76.0,46.0,218.0,400.0,400.0,0.19,0.85,0.15,0.11834447398799032,0.18831437443178617,0.19,0.15457325560638852,0.23132458156541352,0.115,0.08733247792422089,0.14999225533753324,0.545,0.4960015667969213,0.5931422955491075
instruct,0.8,asch_zhu_unbiased_diverse_plain,58.0,48.0,40.0,254.0,400.0,400.0,0.12,0.855,0.145,0.1138699785258184,0.18288399629995486,0.12,0.09171493428788872,0.1555146725678686,0.1,0.07429885168964503,0.13331126079009953,0.635,0.5867430199020135,0.6806885671360728
instruct,0.8,asch_zhu_unbiased_qd,56.0,59.0,46.0,239.0,400.0,400.0,0.1475,0.86,0.14,0.10940912065943276,0.17743998057233734,0.1475,0.1161055571050416,0.18560085451773328,0.115,0.08733247792422089,0.14999225533753324,0.5975,0.5487332989658665,0.6444117361171958
instruct,0.8,asch_zhu_unbiased_unanimous_confident,38.0,192.0,40.0,130.0,400.0,400.0,0.48,0.905,0.095,0.0699962171700798,0.12770902171566156,0.48,0.43146252672290986,0.5289179789010773,0.1,0.07429885168964503,0.13331126079009953,0.325,0.28095249494205327,0.372376929267835
instruct,0.8,asch_zhu_unbiased_unanimous_neutral,68.0,190.0,19.0,123.0,400.0,400.0,0.475,0.83,0.17,0.13636842234813634,0.20990992044765294,0.475,0.4265318481465433,0.5239437838834407,0.0475,0.030616832107668652,0.07299210763504237,0.3075,0.2642866432019798,0.3543757234288972
instruct,0.8,asch_zhu_unbiased_unanimous_plain,65.0,84.0,31.0,220.0,400.0,400.0,0.21,0.8375,0.1625,0.1295868626510332,0.2018341697537513,0.21,0.17293709734247628,0.2525802342053385,0.0775,0.05513258958646752,0.10790559172026265,0.55,0.5010000980193108,0.5980486379207213
instruct,0.8,asch_zhu_unbiased_unanimous_uncertain,84.0,137.0,19.0,160.0,400.0,400.0,0.3425,0.79,0.21,0.17293709734247628,0.2525802342053385,0.3425,0.29769022933249495,0.39030625245640455,0.0475,0.030616832107668652,0.07299210763504237,0.4,0.35316069336620937,0.44874183475372675
instruct,0.8,authoritative_bias,83.0,133.0,4.0,180.0,400.0,400.0,0.3325,0.7925,0.2075,0.17063353432585826,0.24993136042495495,0.3325,0.28811717839304024,0.3800695562078528,0.01,0.0038954207932788126,0.02542696699440824,0.45,0.40195136207927884,0.4989999019806892
instruct,0.8,authority_zhu_unbiased_trust,105.0,123.0,1.0,171.0,400.0,400.0,0.3075,0.7375,0.2625,0.2217860978907582,0.30773240639409016,0.3075,0.2642866432019798,0.3543757234288972,0.0025,0.00044143642943440895,0.014023640967247855,0.4275,0.37993373444987266,0.476445598437081
instruct,0.8,authority_zhu_unbiased_trust_da,100.0,117.0,10.0,173.0,400.0,400.0,0.2925,0.75,0.25,0.21007832849376823,0.29467799180607207,0.2925,0.25006128808159916,0.3388864577672683,0.025,0.013634943739762435,0.045402064829934204,0.4325,0.38481788076603707,0.48146632571491976
instruct,0.8,control,138.0,28.0,17.0,217.0,400.0,400.0,0.07,0.655,0.345,0.30008703653936986,0.39286188204653105,0.07,0.048871304519740505,0.0993095663959849,0.0425,0.02670146955162519,0.06700259659708263,0.5425,0.49350413540767263,0.5906872901413545
instruct,1.0,asch_history_5,120.0,81.0,0.0,199.0,400.0,400.0,0.2025,0.7,0.3,0.2571669255289339,0.34663813071093835,0.2025,0.16603317911938578,0.24462684203742427,0.0,0.0,0.009512640599680667,0.4975,0.44875800198627125,0.5462895612167272
instruct,1.0,asch_zhu_unbiased_da,61.0,74.0,27.0,238.0,400.0,400.0,0.185,0.8475,0.1525,0.12058666169525958,0.19102462352151847,0.185,0.15000638716506282,0.225986576412736,0.0675,0.046801154899328234,0.09642727921939556,0.595,0.5462097118377427,0.6419828864483179
instruct,1.0,asch_zhu_unbiased_diverse_plain,56.0,53.0,43.0,248.0,400.0,400.0,0.1325,0.86,0.14,0.10940912065943276,0.17743998057233734,0.1325,0.10274473201637832,0.16924705882438698,0.1075,0.08079329401678037,0.14167412885396896,0.62,0.5715036398060113,0.6662133264500655
instruct,1.0,asch_zhu_unbiased_qd,51.0,68.0,30.0,251.0,400.0,400.0,0.17,0.8725,0.1275,0.09832071558850791,0.16376620165825423,0.17,0.13636842234813634,0.20990992044765294,0.075,0.053037406335715714,0.10504833817401285,0.6275,0.5791173246752144,0.673456951971867
instruct,1.0,asch_zhu_unbiased_unanimous_confident,37.0,190.0,45.0,128.0,400.0,400.0,0.475,0.9075,0.0925,0.06785354688500786,0.12489925520373191,0.475,0.4265318481465433,0.5239437838834407,0.1125,0.0851480200886654,0.14722427637608715,0.32,0.2761833561331949,0.3672411944826901
instruct,1.0,asch_zhu_unbiased_unanimous_neutral,64.0,180.0,20.0,136.0,400.0,400.0,0.45,0.84,0.16,0.12733221459300603,0.19913638101477682,0.45,0.40195136207927884,0.4989999019806892,0.05,0.0325971756266401,0.07596420091307252,0.34,0.2952948324121193,0.38774921257977857
instruct,1.0,asch_zhu_unbiased_unanimous_plain,65.0,91.0,26.0,218.0,400.0,400.0,0.2275,0.8375,0.1625,0.1295868626510332,0.2018341697537513,0.2275,0.1891226131151639,0.2710617760116621,0.065,0.04474017569726697,0.09353582162445521,0.545,0.4960015667969213,0.5931422955491075
instruct,1.0,asch_zhu_unbiased_unanimous_uncertain,79.0,136.0,15.0,170.0,400.0,400.0,0.34,0.8025,0.1975,0.16144205642368673,0.2393130911391201,0.34,0.2952948324121193,0.38774921257977857,0.0375,0.022854824841380277,0.06094436771332434,0.425,0.3774935293944863,0.4739333666954657
instruct,1.0,authoritative_bias,82.0,120.0,2.0,196.0,400.0,400.0,0.3,0.795,0.205,0.1683322182508118,0.24728023970299978,0.3,0.2571669255289339,0.34663813071093835,0.005,0.0013722242215711469,0.018045289972112716,0.49,0.4413384044602659,0.5388518483517277
instruct,1.0,authority_zhu_unbiased_trust,100.0,118.0,2.0,180.0,400.0,400.0,0.295,0.75,0.25,0.21007832849376823,0.29467799180607207,0.295,0.2524282507849876,0.3414719318608814,0.005,0.0013722242215711469,0.018045289972112716,0.45,0.40195136207927884,0.4989999019806892
instruct,1.0,authority_zhu_unbiased_trust_da,101.0,124.0,10.0,165.0,400.0,400.0,0.31,0.7475,0.2525,0.21241625232287653,0.2972925047739654,0.31,0.26666296102378073,0.35695184240409794,0.025,0.013634943739762435,0.045402064829934204,0.4125,0.36531130012981505,0.461353411975129
instruct,1.0,control,141.0,23.0,21.0,215.0,400.0,400.0,0.0575,0.6475,0.3525,0.3072858484474132,0.4005203805294925,0.0575,0.038617261729224514,0.08480142520149289,0.0525,0.03459126500804263,0.07892254832867157,0.5375,0.4885129330720267,0.5857736188829973
instruct_dpo,0.0,asch_history_5,114.0,74.0,2.0,210.0,400.0,400.0,0.185,0.7150000000000001,0.285,0.24297004043196901,0.33112039502589363,0.185,0.15000638716506282,0.225986576412736,0.005,0.0013722242215711469,0.018045289972112716,0.525,0.4760562161165593,0.5734681518534566
instruct_dpo,0.0,asch_zhu_unbiased_da,103.0,67.0,48.0,182.0,400.0,400.0,0.1675,0.7424999999999999,0.2575,0.2170975795094459,0.30251605118139924,0.1675,0.13410501884963513,0.20722088714915257,0.12,0.09171493428788872,0.1555146725678686,0.455,0.4068577044508926,0.5039984332030787
instruct_dpo,0.0,asch_zhu_unbiased_diverse_plain,96.0,49.0,65.0,190.0,400.0,400.0,0.1225,0.76,0.24,0.20074532480639665,0.28420124830543736,0.1225,0.09391269296642377,0.15826935068633516,0.1625,0.1295868626510332,0.2018341697537513,0.475,0.4265318481465433,0.5239437838834407
instruct_dpo,0.0,asch_zhu_unbiased_qd,92.0,49.0,35.0,224.0,400.0,400.0,0.1225,0.77,0.23,0.1914431725936634,0.2736936533301642,0.1225,0.09391269296642377,0.15826935068633516,0.0875,0.06358653632567662,0.11926139216905993,0.56,0.511011885079453,0.6078465980485853
instruct_dpo,0.0,asch_zhu_unbiased_unanimous_confident,80.0,156.0,23.0,141.0,400.0,400.0,0.39,0.8,0.2,0.16373644787133712,0.24197113648847135,0.39,0.3434632828365625,0.4386294980953673,0.0575,0.038617261729224514,0.08480142520149289,0.3525,0.3072858484474132,0.4005203805294925
instruct_dpo,0.0,asch_zhu_unbiased_unanimous_neutral,97.0,177.0,6.0,120.0,400.0,400.0,0.4425,0.7575000000000001,0.2425,0.2030757339434459,0.28682327596538965,0.4425,0.3946010465039066,0.49149290716505667,0.015,0.006892197870136998,0.03233506351155325,0.3,0.2571669255289339,0.34663813071093835
instruct_dpo,0.0,asch_zhu_unbiased_unanimous_plain,111.0,70.0,30.0,189.0,400.0,400.0,0.175,0.7224999999999999,0.2775,0.23589351571381517,0.3233396093530428,0.175,0.140903632613942,0.21527958377585044,0.075,0.053037406335715714,0.10504833817401285,0.4725,0.4240683265333157,0.5214548686996666
instruct_dpo,0.0,asch_zhu_unbiased_unanimous_uncertain,127.0,106.0,6.0,161.0,400.0,400.0,0.265,0.6825,0.3175,0.27380100813055436,0.3646711056883291,0.265,0.22413301235879635,0.31033792872305355,0.015,0.006892197870136998,0.03233506351155325,0.4025,0.3555882638828042,0.4512667010341336
instruct_dpo,0.0,authoritative_bias,84.0,129.0,1.0,186.0,400.0,400.0,0.3225,0.79,0.21,0.17293709734247628,0.2525802342053385,0.3225,0.27856718806945857,0.36980979934342806,0.0025,0.00044143642943440895,0.014023640967247855,0.465,0.4166850440507483,0.5139808407912294
instruct_dpo,0.0,authority_zhu_unbiased_trust,116.0,120.0,4.0,160.0,400.0,400.0,0.3,0.71,0.29,0.24769592405093643,0.3362993850009294,0.3,0.2571669255289339,0.34663813071093835,0.01,0.0038954207932788126,0.02542696699440824,0.4,0.35316069336620937,0.44874183475372675
instruct_dpo,0.0,authority_zhu_unbiased_trust_da,108.0,123.0,3.0,166.0,400.0,400.0,0.3075,0.73,0.27,0.22883207265888467,0.3155437420169685,0.3075,0.2642866432019798,0.3543757234288972,0.0075,0.0025538429629852373,0.02181610802770022,0.415,0.36774522964195816,0.46387191925998755
instruct_dpo,0.0,control,142.0,26.0,19.0,213.0,400.0,400.0,0.065,0.645,0.355,0.30968822623349224,0.4030704395404151,0.065,0.04474017569726697,0.09353582162445521,0.0475,0.030616832107668652,0.07299210763504237,0.5325,0.48352660176021306,0.5808550766008076
instruct_dpo,0.2,asch_history_5,120.0,66.0,2.0,212.0,400.0,400.0,0.165,0.7,0.3,0.2571669255289339,0.34663813071093835,0.165,0.13184448183586026,0.2045289873659258,0.005,0.0013722242215711469,0.018045289972112716,0.53,0.48103525950149856,0.5783939820625206
instruct_dpo,0.2,asch_zhu_unbiased_da,93.0,62.0,55.0,190.0,400.0,400.0,0.155,0.7675,0.2325,0.1937657455982035,0.2763235171226257,0.155,0.12283205544731421,0.19373166656646548,0.1375,0.1071839913205175,0.17471267311425104,0.475,0.4265318481465433,0.5239437838834407
instruct_dpo,0.2,asch_zhu_unbiased_diverse_plain,89.0,33.0,60.0,218.0,400.0,400.0,0.0825,0.7775,0.2225,0.18448762755400633,0.2657918879788165,0.0825,0.059345516507342,0.11359753839339136,0.15,0.11834447398799032,0.18831437443178617,0.545,0.4960015667969213,0.5931422955491075
instruct_dpo,0.2,asch_zhu_unbiased_qd,82.0,45.0,44.0,229.0,400.0,400.0,0.1125,0.795,0.205,0.1683322182508118,0.24728023970299978,0.1125,0.0851480200886654,0.14722427637608715,0.11,0.08296824650193971,0.14445161316581123,0.5725,0.5235544015629189,0.6200662655501273
instruct_dpo,0.2,asch_zhu_unbiased_unanimous_confident,75.0,153.0,28.0,144.0,400.0,400.0,0.3825,0.8125,0.1875,0.15228856358904605,0.2286568367857544,0.3825,0.3362038597931757,0.4310316107477493,0.07,0.048871304519740505,0.0993095663959849,0.36,0.31449710298654476,0.40816643638136574
instruct_dpo,0.2,asch_zhu_unbiased_unanimous_neutral,96.0,175.0,8.0,121.0,400.0,400.0,0.4375,0.76,0.24,0.20074532480639665,0.28420124830543736,0.4375,0.3897069912730114,0.4864820888019487,0.02,0.010168264597915496,0.038963870377777945,0.3025,0.25953861492842695,0.34921887810844693
instruct_dpo,0.2,asch_zhu_unbiased_unanimous_plain,98.0,69.0,36.0,197.0,400.0,400.0,0.1725,0.755,0.245,0.20540805053884156,0.28944339616699555,0.1725,0.13863464284363428,0.21259613674915653,0.09,0.065716912967122,0.12208345232461616,0.4925,0.4438103957369542,0.5413322938720411
instruct_dpo,0.2,asch_zhu_unbiased_unanimous_uncertain,125.0,111.0,5.0,159.0,400.0,400.0,0.2775,0.6875,0.3125,0.26904080101876354,0.35952643920611665,0.2775,0.23589351571381517,0.3233396093530428,0.0125,0.005350671853550634,0.02892415273113802,0.3975,0.3507344059122796,0.446215685410655
instruct_dpo,0.2,authoritative_bias,76.0,137.0,3.0,184.0,400.0,400.0,0.3425,0.81,0.19,0.15457325560638852,0.23132458156541352,0.3425,0.29769022933249495,0.39030625245640455,0.0075,0.0025538429629852373,0.02181610802770022,0.46,0.4117689359158348,0.5089920753321397
instruct_dpo,0.2,authority_zhu_unbiased_trust,109.0,126.0,2.0,163.0,400.0,400.0,0.315,0.7275,0.2725,0.23118418800549204,0.3181440634673627,0.315,0.27142015327845737,0.36209952374342447,0.005,0.0013722242215711469,0.018045289972112716,0.4075,0.3604472385805353,0.4563125999304055
instruct_dpo,0.2,authority_zhu_unbiased_trust_da,105.0,123.0,3.0,169.0,400.0,400.0,0.3075,0.7375,0.2625,0.2217860978907582,0.30773240639409016,0.3075,0.2642866432019798,0.3543757234288972,0.0075,0.0025538429629852373,0.02181610802770022,0.4225,0.375054573432128,0.4714198858608225
instruct_dpo,0.2,control,144.0,26.0,10.0,220.0,400.0,400.0,0.065,0.64,0.36,0.31449710298654476,0.40816643638136574,0.065,0.04474017569726697,0.09353582162445521,0.025,0.013634943739762435,0.045402064829934204,0.55,0.5010000980193108,0.5980486379207213
instruct_dpo,0.4,asch_history_5,124.0,65.0,1.0,210.0,400.0,400.0,0.1625,0.69,0.31,0.26666296102378073,0.35695184240409794,0.1625,0.1295868626510332,0.2018341697537513,0.0025,0.00044143642943440895,0.014023640967247855,0.525,0.4760562161165593,0.5734681518534566
instruct_dpo,0.4,asch_zhu_unbiased_da,93.0,62.0,51.0,194.0,400.0,400.0,0.155,0.7675,0.2325,0.1937657455982035,0.2763235171226257,0.155,0.12283205544731421,0.19373166656646548,0.1275,0.09832071558850791,0.16376620165825423,0.485,0.4363980471740593,0.5338873320439311
instruct_dpo,0.4,asch_zhu_unbiased_diverse_plain,92.0,34.0,67.0,207.0,400.0,400.0,0.085,0.77,0.23,0.1914431725936634,0.2736936533301642,0.085,0.061462653163424086,0.11643283853431088,0.1675,0.13410501884963513,0.20722088714915257,0.5175,0.4685967396420818,0.5660703179369293
instruct_dpo,0.4,asch_zhu_unbiased_qd,85.0,45.0,43.0,227.0,400.0,400.0,0.1125,0.7875,0.2125,0.17524287819884765,0.2552268901459687,0.1125,0.0851480200886654,0.14722427637608715,0.1075,0.08079329401678037,0.14167412885396896,0.5675,0.5185336742850802,0.6151821192339629
instruct_dpo,0.4,asch_zhu_unbiased_unanimous_confident,71.0,153.0,33.0,143.0,400.0,400.0,0.3825,0.8225,0.1775,0.14317534561717957,0.21796030756961446,0.3825,0.3362038597931757,0.4310316107477493,0.0825,0.059345516507342,0.11359753839339136,0.3575,0.3120919798753237,0.40561912269558525
instruct_dpo,0.4,asch_zhu_unbiased_unanimous_neutral,102.0,177.0,11.0,110.0,400.0,400.0,0.4425,0.745,0.255,0.21475600851610616,0.2999051853777373,0.4425,0.3946010465039066,0.49149290716505667,0.0275,0.015423476078524151,0.04856596928817408,0.275,0.2335380071267212,0.32074268114313514
instruct_dpo,0.4,asch_zhu_unbiased_unanimous_plain,95.0,65.0,36.0,204.0,400.0,400.0,0.1625,0.7625,0.2375,0.19841684319432581,0.2815772931205065,0.1625,0.1295868626510332,0.2018341697537513,0.09,0.065716912967122,0.12208345232461616,0.51,0.4611481516482723,0.558661595539734
instruct_dpo,0.4,asch_zhu_unbiased_unanimous_uncertain,126.0,102.0,8.0,164.0,400.0,400.0,0.255,0.685,0.315,0.27142015327845737,0.36209952374342447,0.255,0.21475600851610616,0.2999051853777373,0.02,0.010168264597915496,0.038963870377777945,0.41,0.36287863529353875,0.4588336400144037
instruct_dpo,0.4,authoritative_bias,84.0,132.0,4.0,180.0,400.0,400.0,0.33,0.79,0.21,0.17293709734247628,0.2525802342053385,0.33,0.285727498574661,0.3775067992292304,0.01,0.0038954207932788126,0.02542696699440824,0.45,0.40195136207927884,0.4989999019806892
instruct_dpo,0.4,authority_zhu_unbiased_trust,113.0,135.0,1.0,151.0,400.0,400.0,0.3375,0.7175,0.2825,0.24060954581038724,0.3285284528504738,0.3375,0.29290085318846415,0.3851907550064321,0.0025,0.00044143642943440895,0.014023640967247855,0.3775,0.33137080611490544,0.4259597908320163
instruct_dpo,0.4,authority_zhu_unbiased_trust_da,109.0,127.0,1.0,163.0,400.0,400.0,0.3175,0.7275,0.2725,0.23118418800549204,0.3181440634673627,0.3175,0.27380100813055436,0.3646711056883291,0.0025,0.00044143642943440895,0.014023640967247855,0.4075,0.3604472385805353,0.4563125999304055
instruct_dpo,0.4,control,145.0,22.0,11.0,222.0,400.0,400.0,0.055,0.6375,0.3625,0.31690358933984025,0.4107123868250719,0.055,0.036598221864059276,0.08186802826965653,0.0275,0.015423476078524151,0.04856596928817408,0.555,0.5060035322825036,0.6029500772515317
instruct_dpo,0.6,asch_history_5,114.0,64.0,0.0,222.0,400.0,400.0,0.16,0.7150000000000001,0.285,0.24297004043196901,0.33112039502589363,0.16,0.12733221459300603,0.19913638101477682,0.0,0.0,0.009512640599680667,0.555,0.5060035322825036,0.6029500772515317
instruct_dpo,0.6,asch_zhu_unbiased_da,84.0,63.0,46.0,207.0,400.0,400.0,0.1575,0.79,0.21,0.17293709734247628,0.2525802342053385,0.1575,0.1250805930171134,0.19643556579366786,0.115,0.08733247792422089,0.14999225533753324,0.5175,0.4685967396420818,0.5660703179369293
instruct_dpo,0.6,asch_zhu_unbiased_diverse_plain,94.0,41.0,56.0,209.0,400.0,400.0,0.1025,0.765,0.235,0.1960903097272598,0.278951389790571,0.1025,0.07645843910823481,0.13610411016851132,0.14,0.10940912065943276,0.17743998057233734,0.5225,0.4735685130017636,0.5710034181712508
instruct_dpo,0.6,asch_zhu_unbiased_qd,84.0,48.0,38.0,230.0,400.0,400.0,0.12,0.79,0.21,0.17293709734247628,0.2525802342053385,0.12,0.09171493428788872,0.1555146725678686,0.095,0.0699962171700798,0.12770902171566156,0.575,0.5260666333045342,0.6225064706055136
instruct_dpo,0.6,asch_zhu_unbiased_unanimous_confident,77.0,143.0,40.0,140.0,400.0,400.0,0.3575,0.8075,0.1925,0.15686042573701753,0.2339898482317861,0.3575,0.3120919798753237,0.40561912269558525,0.1,0.07429885168964503,0.13331126079009953,0.35,0.304884853065619,0.39796893911428516
instruct_dpo,0.6,asch_zhu_unbiased_unanimous_neutral,86.0,176.0,13.0,125.0,400.0,400.0,0.44,0.785,0.215,0.17755084865785345,0.25787135648396453,0.44,0.3921534019514147,0.48898811492054695,0.0325,0.019089659086961887,0.054804659873739545,0.3125,0.26904080101876354,0.35952643920611665
instruct_dpo,0.6,asch_zhu_unbiased_unanimous_plain,93.0,75.0,32.0,200.0,400.0,400.0,0.1875,0.7675,0.2325,0.1937657455982035,0.2763235171226257,0.1875,0.15228856358904605,0.2286568367857544,0.08,0.057235397942962354,0.11075522016076943,0.5,0.4512336165999552,0.5487663834000448
instruct_dpo,0.6,asch_zhu_unbiased_unanimous_uncertain,113.0,112.0,8.0,167.0,400.0,400.0,0.28,0.7175,0.2825,0.24060954581038724,0.3285284528504738,0.28,0.23825069981202085,0.32593486205183864,0.02,0.010168264597915496,0.038963870377777945,0.4175,0.370180420494612,0.46638916520433527
instruct_dpo,0.6,authoritative_bias,84.0,124.0,3.0,189.0,400.0,400.0,0.31,0.79,0.21,0.17293709734247628,0.2525802342053385,0.31,0.26666296102378073,0.35695184240409794,0.0075,0.0025538429629852373,0.02181610802770022,0.4725,0.4240683265333157,0.5214548686996666
instruct_dpo,0.6,authority_zhu_unbiased_trust,109.0,140.0,1.0,150.0,400.0,400.0,0.35,0.7275,0.2725,0.23118418800549204,0.3181440634673627,0.35,0.304884853065619,0.39796893911428516,0.0025,0.00044143642943440895,0.014023640967247855,0.375,0.32895626254334526,0.42342189760657495
instruct_dpo,0.6,authority_zhu_unbiased_trust_da,100.0,120.0,4.0,176.0,400.0,400.0,0.3,0.75,0.25,0.21007832849376823,0.29467799180607207,0.3,0.2571669255289339,0.34663813071093835,0.01,0.0038954207932788126,0.02542696699440824,0.44,0.3921534019514147,0.48898811492054695
instruct_dpo,0.6,control,136.0,21.0,8.0,235.0,400.0,400.0,0.0525,0.6599999999999999,0.34,0.2952948324121193,0.38774921257977857,0.0525,0.03459126500804263,0.07892254832867157,0.02,0.010168264597915496,0.038963870377777945,0.5875,0.5386465880248711,0.634688699870185
instruct_dpo,0.8,asch_history_5,124.0,72.0,3.0,201.0,400.0,400.0,0.18,0.69,0.31,0.26666296102378073,0.35695184240409794,0.18,0.1454497374118191,0.22063835257197656,0.0075,0.0025538429629852373,0.02181610802770022,0.5025,0.4537104387832728,0.5512419980137288
instruct_dpo,0.8,asch_zhu_unbiased_da,85.0,56.0,44.0,215.0,400.0,400.0,0.14,0.7875,0.2125,0.17524287819884765,0.2552268901459687,0.14,0.10940912065943276,0.17743998057233734,0.11,0.08296824650193971,0.14445161316581123,0.5375,0.4885129330720267,0.5857736188829973
instruct_dpo,0.8,asch_zhu_unbiased_diverse_plain,89.0,37.0,53.0,221.0,400.0,400.0,0.0925,0.7775,0.2225,0.18448762755400633,0.2657918879788165,0.0925,0.06785354688500786,0.12489925520373191,0.1325,0.10274473201637832,0.16924705882438698,0.5525,0.5035012013389867,0.6004999713980469
instruct_dpo,0.8,asch_zhu_unbiased_qd,90.0,49.0,32.0,229.0,400.0,400.0,0.1225,0.775,0.225,0.18680409020181676,0.2684278621280076,0.1225,0.09391269296642377,0.15826935068633516,0.08,0.057235397942962354,0.11075522016076943,0.5725,0.5235544015629189,0.6200662655501273
instruct_dpo,0.8,asch_zhu_unbiased_unanimous_confident,74.0,139.0,47.0,140.0,400.0,400.0,0.3475,0.815,0.185,0.15000638716506282,0.225986576412736,0.3475,0.30248524680204364,0.3954161085808589,0.1175,0.08952149033047882,0.1527556797282769,0.35,0.304884853065619,0.39796893911428516
instruct_dpo,0.8,asch_zhu_unbiased_unanimous_neutral,82.0,173.0,27.0,118.0,400.0,400.0,0.4325,0.795,0.205,0.1683322182508118,0.24728023970299978,0.4325,0.38481788076603707,0.48146632571491976,0.0675,0.046801154899328234,0.09642727921939556,0.295,0.2524282507849876,0.3414719318608814
instruct_dpo,0.8,asch_zhu_unbiased_unanimous_plain,84.0,64.0,43.0,209.0,400.0,400.0,0.16,0.79,0.21,0.17293709734247628,0.2525802342053385,0.16,0.12733221459300603,0.19913638101477682,0.1075,0.08079329401678037,0.14167412885396896,0.5225,0.4735685130017636,0.5710034181712508
instruct_dpo,0.8,asch_zhu_unbiased_unanimous_uncertain,112.0,113.0,15.0,160.0,400.0,400.0,0.2825,0.72,0.28,0.23825069981202085,0.32593486205183864,0.2825,0.24060954581038724,0.3285284528504738,0.0375,0.022854824841380277,0.06094436771332434,0.4,0.35316069336620937,0.44874183475372675
instruct_dpo,0.8,authoritative_bias,83.0,124.0,2.0,191.0,400.0,400.0,0.31,0.7925,0.2075,0.17063353432585826,0.24993136042495495,0.31,0.26666296102378073,0.35695184240409794,0.005,0.0013722242215711469,0.018045289972112716,0.4775,0.4289965818287492,0.5264314869982364
instruct_dpo,0.8,authority_zhu_unbiased_trust,110.0,136.0,0.0,154.0,400.0,400.0,0.34,0.725,0.275,0.2335380071267212,0.32074268114313514,0.34,0.2952948324121193,0.38774921257977857,0.0,0.0,0.009512640599680667,0.385,0.33862235992471207,0.43356554741321446
instruct_dpo,0.8,authority_zhu_unbiased_trust_da,101.0,118.0,3.0,178.0,400.0,400.0,0.295,0.7475,0.2525,0.21241625232287653,0.2972925047739654,0.295,0.2524282507849876,0.3414719318608814,0.0075,0.0025538429629852373,0.02181610802770022,0.445,0.3970499227484684,0.4939964677174965
instruct_dpo,0.8,control,147.0,23.0,10.0,220.0,400.0,400.0,0.0575,0.6325000000000001,0.3675,0.32172062764064313,0.41580022211827217,0.0575,0.038617261729224514,0.08480142520149289,0.025,0.013634943739762435,0.045402064829934204,0.55,0.5010000980193108,0.5980486379207213
instruct_dpo,1.0,asch_history_5,135.0,63.0,1.0,201.0,400.0,400.0,0.1575,0.6625,0.3375,0.29290085318846415,0.3851907550064321,0.1575,0.1250805930171134,0.19643556579366786,0.0025,0.00044143642943440895,0.014023640967247855,0.5025,0.4537104387832728,0.5512419980137288
instruct_dpo,1.0,asch_zhu_unbiased_da,90.0,65.0,52.0,193.0,400.0,400.0,0.1625,0.775,0.225,0.18680409020181676,0.2684278621280076,0.1625,0.1295868626510332,0.2018341697537513,0.13,0.10053077315766948,0.16650858088609424,0.4825,0.4339296820630707,0.5314032603579181
instruct_dpo,1.0,asch_zhu_unbiased_diverse_plain,81.0,47.0,60.0,212.0,400.0,400.0,0.1175,0.7975,0.2025,0.16603317911938578,0.24462684203742427,0.1175,0.08952149033047882,0.1527556797282769,0.15,0.11834447398799032,0.18831437443178617,0.53,0.48103525950149856,0.5783939820625206
instruct_dpo,1.0,asch_zhu_unbiased_qd,82.0,49.0,39.0,230.0,400.0,400.0,0.1225,0.795,0.205,0.1683322182508118,0.24728023970299978,0.1225,0.09391269296642377,0.15826935068633516,0.0975,0.07214471685094813,0.1305129588317948,0.575,0.5260666333045342,0.6225064706055136
instruct_dpo,1.0,asch_zhu_unbiased_unanimous_confident,60.0,137.0,50.0,153.0,400.0,400.0,0.3425,0.85,0.15,0.11834447398799032,0.18831437443178617,0.3425,0.29769022933249495,0.39030625245640455,0.125,0.09611465529837437,0.16101982515138613,0.3825,0.3362038597931757,0.4310316107477493
instruct_dpo,1.0,asch_zhu_unbiased_unanimous_neutral,84.0,168.0,27.0,121.0,400.0,400.0,0.42,0.79,0.21,0.17293709734247628,0.2525802342053385,0.42,0.3726168694631035,0.46890515303284536,0.0675,0.046801154899328234,0.09642727921939556,0.3025,0.25953861492842695,0.34921887810844693
instruct_dpo,1.0,asch_zhu_unbiased_unanimous_plain,88.0,60.0,42.0,210.0,400.0,400.0,0.15,0.78,0.22,0.18217324955825856,0.26315382917756264,0.15,0.11834447398799032,0.18831437443178617,0.105,0.07862330722943671,0.138891678844311,0.525,0.4760562161165593,0.5734681518534566
instruct_dpo,1.0,asch_zhu_unbiased_unanimous_uncertain,107.0,113.0,13.0,167.0,400.0,400.0,0.2825,0.7324999999999999,0.2675,0.22648167576028763,0.31294170211856387,0.2825,0.24060954581038724,0.3285284528504738,0.0325,0.019089659086961887,0.054804659873739545,0.4175,0.370180420494612,0.46638916520433527
instruct_dpo,1.0,authoritative_bias,86.0,133.0,2.0,179.0,400.0,400.0,0.3325,0.785,0.215,0.17755084865785345,0.25787135648396453,0.3325,0.28811717839304024,0.3800695562078528,0.005,0.0013722242215711469,0.018045289972112716,0.4475,0.39950002860195316,0.4964987986610134
instruct_dpo,1.0,authority_zhu_unbiased_trust,105.0,142.0,0.0,153.0,400.0,400.0,0.355,0.7375,0.2625,0.2217860978907582,0.30773240639409016,0.355,0.30968822623349224,0.4030704395404151,0.0,0.0,0.009512640599680667,0.3825,0.3362038597931757,0.4310316107477493
instruct_dpo,1.0,authority_zhu_unbiased_trust_da,103.0,122.0,3.0,172.0,400.0,400.0,0.305,0.7424999999999999,0.2575,0.2170975795094459,0.30251605118139924,0.305,0.2619118577039247,0.3517980721299507,0.0075,0.0025538429629852373,0.02181610802770022,0.43,0.3823751858037104,0.4789565838802449
instruct_dpo,1.0,control,148.0,29.0,12.0,211.0,400.0,400.0,0.0725,0.63,0.37,0.32413116790213314,0.4183421186537838,0.0725,0.05095018845006176,0.1021831192626652,0.03,0.017242849034032177,0.05169903312966765,0.5275,0.47854513130033327,0.5759316734666842
instruct_sft,0.0,asch_history_5,52.0,243.0,0.0,105.0,400.0,400.0,0.6075,0.87,0.13,0.10053077315766948,0.16650858088609424,0.6075,0.5588404787053632,0.6541143035657054,0.0,0.0,0.009512640599680667,0.2625,0.2217860978907582,0.30773240639409016
instruct_sft,0.0,asch_zhu_unbiased_da,69.0,161.0,35.0,135.0,400.0,400.0,0.4025,0.8275,0.1725,0.13863464284363428,0.21259613674915653,0.4025,0.3555882638828042,0.4512667010341336,0.0875,0.06358653632567662,0.11926139216905993,0.3375,0.29290085318846415,0.3851907550064321
instruct_sft,0.0,asch_zhu_unbiased_diverse_plain,85.0,70.0,60.0,185.0,400.0,400.0,0.175,0.7875,0.2125,0.17524287819884765,0.2552268901459687,0.175,0.140903632613942,0.21527958377585044,0.15,0.11834447398799032,0.18831437443178617,0.4625,0.4142263811170028,0.5114870669279734
instruct_sft,0.0,asch_zhu_unbiased_qd,59.0,123.0,36.0,182.0,400.0,400.0,0.3075,0.8525,0.1475,0.1161055571050416,0.18560085451773328,0.3075,0.2642866432019798,0.3543757234288972,0.09,0.065716912967122,0.12208345232461616,0.455,0.4068577044508926,0.5039984332030787
instruct_sft,0.0,asch_zhu_unbiased_unanimous_confident,31.0,295.0,15.0,59.0,400.0,400.0,0.7375,0.9225,0.0775,0.05513258958646752,0.10790559172026265,0.7375,0.69226759360591,0.7782139021092418,0.0375,0.022854824841380277,0.06094436771332434,0.1475,0.1161055571050416,0.18560085451773328
instruct_sft,0.0,asch_zhu_unbiased_unanimous_neutral,32.0,301.0,6.0,61.0,400.0,400.0,0.7525,0.92,0.08,0.057235397942962354,0.11075522016076943,0.7525,0.7079383715578094,0.7922577449393517,0.015,0.006892197870136998,0.03233506351155325,0.1525,0.12058666169525958,0.19102462352151847
instruct_sft,0.0,asch_zhu_unbiased_unanimous_plain,58.0,205.0,19.0,118.0,400.0,400.0,0.5125,0.855,0.145,0.1138699785258184,0.18288399629995486,0.5125,0.463629805456242,0.5611323785287659,0.0475,0.030616832107668652,0.07299210763504237,0.295,0.2524282507849876,0.3414719318608814
instruct_sft,0.0,asch_zhu_unbiased_unanimous_uncertain,51.0,252.0,8.0,89.0,400.0,400.0,0.63,0.8725,0.1275,0.09832071558850791,0.16376620165825423,0.63,0.5816578813462162,0.6758688320978669,0.02,0.010168264597915496,0.038963870377777945,0.2225,0.18448762755400633,0.2657918879788165
instruct_sft,0.0,authoritative_bias,85.0,173.0,6.0,136.0,400.0,400.0,0.4325,0.7875,0.2125,0.17524287819884765,0.2552268901459687,0.4325,0.38481788076603707,0.48146632571491976,0.015,0.006892197870136998,0.03233506351155325,0.34,0.2952948324121193,0.38774921257977857
instruct_sft,0.0,authority_zhu_unbiased_trust,93.0,151.0,6.0,150.0,400.0,400.0,0.3775,0.7675,0.2325,0.1937657455982035,0.2763235171226257,0.3775,0.33137080611490544,0.4259597908320163,0.015,0.006892197870136998,0.03233506351155325,0.375,0.32895626254334526,0.42342189760657495
instruct_sft,0.0,authority_zhu_unbiased_trust_da,87.0,173.0,3.0,137.0,400.0,400.0,0.4325,0.7825,0.2175,0.17986098131336697,0.2605136606254526,0.4325,0.38481788076603707,0.48146632571491976,0.0075,0.0025538429629852373,0.02181610802770022,0.3425,0.29769022933249495,0.39030625245640455
instruct_sft,0.0,control,146.0,24.0,13.0,217.0,400.0,400.0,0.06,0.635,0.365,0.3193114328639272,0.41325698009798656,0.06,0.0406476805246611,0.0877234432030579,0.0325,0.019089659086961887,0.054804659873739545,0.5425,0.49350413540767263,0.5906872901413545
instruct_sft,0.2,asch_history_5,55.0,252.0,0.0,93.0,400.0,400.0,0.63,0.8625,0.1375,0.1071839913205175,0.17471267311425104,0.63,0.5816578813462162,0.6758688320978669,0.0,0.0,0.009512640599680667,0.2325,0.1937657455982035,0.2763235171226257
instruct_sft,0.2,asch_zhu_unbiased_da,70.0,156.0,31.0,143.0,400.0,400.0,0.39,0.825,0.175,0.140903632613942,0.21527958377585044,0.39,0.3434632828365625,0.4386294980953673,0.0775,0.05513258958646752,0.10790559172026265,0.3575,0.3120919798753237,0.40561912269558525
instruct_sft,0.2,asch_zhu_unbiased_diverse_plain,78.0,68.0,52.0,202.0,400.0,400.0,0.17,0.8049999999999999,0.195,0.15915003771249597,0.23665267305330928,0.17,0.13636842234813634,0.20990992044765294,0.13,0.10053077315766948,0.16650858088609424,0.505,0.4561884685810796,0.5537164050129236
instruct_sft,0.2,asch_zhu_unbiased_qd,55.0,118.0,36.0,191.0,400.0,400.0,0.295,0.8625,0.1375,0.1071839913205175,0.17471267311425104,0.295,0.2524282507849876,0.3414719318608814,0.09,0.065716912967122,0.12208345232461616,0.4775,0.4289965818287492,0.5264314869982364
instruct_sft,0.2,asch_zhu_unbiased_unanimous_confident,32.0,303.0,12.0,53.0,400.0,400.0,0.7575,0.92,0.08,0.057235397942962354,0.11075522016076943,0.7575,0.7131767240346103,0.7969242660565541,0.03,0.017242849034032177,0.05169903312966765,0.1325,0.10274473201637832,0.16924705882438698
instruct_sft,0.2,asch_zhu_unbiased_unanimous_neutral,31.0,300.0,7.0,62.0,400.0,400.0,0.75,0.9225,0.0775,0.05513258958646752,0.10790559172026265,0.75,0.7053220081939279,0.7899216715062317,0.0175,0.008502182660789141,0.03567751551790271,0.155,0.12283205544731421,0.19373166656646548
instruct_sft,0.2,asch_zhu_unbiased_unanimous_plain,57.0,202.0,24.0,117.0,400.0,400.0,0.505,0.8575,0.1425,0.11163780858819913,0.18016372944057255,0.505,0.4561884685810796,0.5537164050129236,0.06,0.0406476805246611,0.0877234432030579,0.2925,0.25006128808159916,0.3388864577672683
instruct_sft,0.2,asch_zhu_unbiased_unanimous_uncertain,43.0,268.0,8.0,81.0,400.0,400.0,0.67,0.8925,0.1075,0.08079329401678037,0.14167412885396896,0.67,0.6224932007707696,0.7142725014253389,0.02,0.010168264597915496,0.038963870377777945,0.2025,0.16603317911938578,0.24462684203742427
instruct_sft,0.2,authoritative_bias,75.0,179.0,6.0,140.0,400.0,400.0,0.4475,0.8125,0.1875,0.15228856358904605,0.2286568367857544,0.4475,0.39950002860195316,0.4964987986610134,0.015,0.006892197870136998,0.03233506351155325,0.35,0.304884853065619,0.39796893911428516
instruct_sft,0.2,authority_zhu_unbiased_trust,95.0,161.0,8.0,136.0,400.0,400.0,0.4025,0.7625,0.2375,0.19841684319432581,0.2815772931205065,0.4025,0.3555882638828042,0.4512667010341336,0.02,0.010168264597915496,0.038963870377777945,0.34,0.2952948324121193,0.38774921257977857
instruct_sft,0.2,authority_zhu_unbiased_trust_da,86.0,174.0,2.0,138.0,400.0,400.0,0.435,0.785,0.215,0.17755084865785345,0.25787135648396453,0.435,0.3872618167504356,0.4839748265275229,0.005,0.0013722242215711469,0.018045289972112716,0.345,0.30008703653936986,0.39286188204653105
instruct_sft,0.2,control,143.0,21.0,12.0,224.0,400.0,400.0,0.0525,0.6425000000000001,0.3575,0.3120919798753237,0.40561912269558525,0.0525,0.03459126500804263,0.07892254832867157,0.03,0.017242849034032177,0.05169903312966765,0.56,0.511011885079453,0.6078465980485853
instruct_sft,0.4,asch_history_5,57.0,253.0,0.0,90.0,400.0,400.0,0.6325,0.8575,0.1425,0.11163780858819913,0.18016372944057255,0.6325,0.5841997778817278,0.6782793723593568,0.0,0.0,0.009512640599680667,0.225,0.18680409020181676,0.2684278621280076
instruct_sft,0.4,asch_zhu_unbiased_da,54.0,159.0,30.0,157.0,400.0,400.0,0.3975,0.865,0.135,0.10496250056538574,0.17198172707238119,0.3975,0.3507344059122796,0.446215685410655,0.075,0.053037406335715714,0.10504833817401285,0.3925,0.34588569643429457,0.44115952129463676
instruct_sft,0.4,asch_zhu_unbiased_diverse_plain,75.0,60.0,55.0,210.0,400.0,400.0,0.15,0.8125,0.1875,0.15228856358904605,0.2286568367857544,0.15,0.11834447398799032,0.18831437443178617,0.1375,0.1071839913205175,0.17471267311425104,0.525,0.4760562161165593,0.5734681518534566
instruct_sft,0.4,asch_zhu_unbiased_qd,58.0,130.0,34.0,178.0,400.0,400.0,0.325,0.855,0.145,0.1138699785258184,0.18288399629995486,0.325,0.28095249494205327,0.372376929267835,0.085,0.061462653163424086,0.11643283853431088,0.445,0.3970499227484684,0.4939964677174965
instruct_sft,0.4,asch_zhu_unbiased_unanimous_confident,23.0,318.0,11.0,48.0,400.0,400.0,0.795,0.9425,0.0575,0.038617261729224514,0.08480142520149289,0.795,0.7527197602970003,0.8316677817491883,0.0275,0.015423476078524151,0.04856596928817408,0.12,0.09171493428788872,0.1555146725678686
instruct_sft,0.4,asch_zhu_unbiased_unanimous_neutral,32.0,301.0,5.0,62.0,400.0,400.0,0.7525,0.92,0.08,0.057235397942962354,0.11075522016076943,0.7525,0.7079383715578094,0.7922577449393517,0.0125,0.005350671853550634,0.02892415273113802,0.155,0.12283205544731421,0.19373166656646548
instruct_sft,0.4,asch_zhu_unbiased_unanimous_plain,51.0,196.0,22.0,131.0,400.0,400.0,0.49,0.8725,0.1275,0.09832071558850791,0.16376620165825423,0.49,0.4413384044602659,0.5388518483517277,0.055,0.036598221864059276,0.08186802826965653,0.3275,0.2833392679681935,0.3749425930386963
instruct_sft,0.4,asch_zhu_unbiased_unanimous_uncertain,42.0,258.0,7.0,93.0,400.0,400.0,0.645,0.895,0.105,0.07862330722943671,0.138891678844311,0.645,0.5969295604595849,0.6903117737665078,0.0175,0.008502182660789141,0.03567751551790271,0.2325,0.1937657455982035,0.2763235171226257
instruct_sft,0.4,authoritative_bias,67.0,207.0,0.0,126.0,400.0,400.0,0.5175,0.8325,0.1675,0.13410501884963513,0.20722088714915257,0.5175,0.4685967396420818,0.5660703179369293,0.0,0.0,0.009512640599680667,0.315,0.27142015327845737,0.36209952374342447
instruct_sft,0.4,authority_zhu_unbiased_trust,94.0,171.0,9.0,126.0,400.0,400.0,0.4275,0.765,0.235,0.1960903097272598,0.278951389790571,0.4275,0.37993373444987266,0.476445598437081,0.0225,0.011881448169963291,0.04220312360273175,0.315,0.27142015327845737,0.36209952374342447
instruct_sft,0.4,authority_zhu_unbiased_trust_da,90.0,174.0,3.0,133.0,400.0,400.0,0.435,0.775,0.225,0.18680409020181676,0.2684278621280076,0.435,0.3872618167504356,0.4839748265275229,0.0075,0.0025538429629852373,0.02181610802770022,0.3325,0.28811717839304024,0.3800695562078528
instruct_sft,0.4,control,138.0,21.0,14.0,227.0,400.0,400.0,0.0525,0.655,0.345,0.30008703653936986,0.39286188204653105,0.0525,0.03459126500804263,0.07892254832867157,0.035,0.0209610999014911,0.05788565585621193,0.5675,0.5185336742850802,0.6151821192339629
instruct_sft,0.6,asch_history_5,54.0,251.0,0.0,95.0,400.0,400.0,0.6275,0.865,0.135,0.10496250056538574,0.17198172707238119,0.6275,0.5791173246752144,0.673456951971867,0.0,0.0,0.009512640599680667,0.2375,0.19841684319432581,0.2815772931205065
instruct_sft,0.6,asch_zhu_unbiased_da,52.0,140.0,34.0,174.0,400.0,400.0,0.35,0.87,0.13,0.10053077315766948,0.16650858088609424,0.35,0.304884853065619,0.39796893911428516,0.085,0.061462653163424086,0.11643283853431088,0.435,0.3872618167504356,0.4839748265275229
instruct_sft,0.6,asch_zhu_unbiased_diverse_plain,81.0,64.0,46.0,209.0,400.0,400.0,0.16,0.7975,0.2025,0.16603317911938578,0.24462684203742427,0.16,0.12733221459300603,0.19913638101477682,0.115,0.08733247792422089,0.14999225533753324,0.5225,0.4735685130017636,0.5710034181712508
instruct_sft,0.6,asch_zhu_unbiased_qd,57.0,127.0,37.0,179.0,400.0,400.0,0.3175,0.8575,0.1425,0.11163780858819913,0.18016372944057255,0.3175,0.27380100813055436,0.3646711056883291,0.0925,0.06785354688500786,0.12489925520373191,0.4475,0.39950002860195316,0.4964987986610134
instruct_sft,0.6,asch_zhu_unbiased_unanimous_confident,28.0,322.0,11.0,39.0,400.0,400.0,0.805,0.9299999999999999,0.07,0.048871304519740505,0.0993095663959849,0.805,0.7633473269466908,0.8408499622875041,0.0275,0.015423476078524151,0.04856596928817408,0.0975,0.07214471685094813,0.1305129588317948
instruct_sft,0.6,asch_zhu_unbiased_unanimous_neutral,25.0,297.0,16.0,62.0,400.0,400.0,0.7425,0.9375,0.0625,0.04268884343581125,0.09063471708890933,0.7425,0.6974839488186009,0.7829024204905541,0.04,0.024768847722620668,0.06398278162908555,0.155,0.12283205544731421,0.19373166656646548
instruct_sft,0.6,asch_zhu_unbiased_unanimous_plain,66.0,188.0,24.0,122.0,400.0,400.0,0.47,0.835,0.165,0.13184448183586026,0.2045289873659258,0.47,0.42160601793747937,0.5189647404985014,0.06,0.0406476805246611,0.0877234432030579,0.305,0.2619118577039247,0.3517980721299507
instruct_sft,0.6,asch_zhu_unbiased_unanimous_uncertain,33.0,266.0,6.0,95.0,400.0,400.0,0.665,0.9175,0.0825,0.059345516507342,0.11359753839339136,0.665,0.6173691278572266,0.7094917007448789,0.015,0.006892197870136998,0.03233506351155325,0.2375,0.19841684319432581,0.2815772931205065
instruct_sft,0.6,authoritative_bias,74.0,220.0,2.0,104.0,400.0,400.0,0.55,0.815,0.185,0.15000638716506282,0.225986576412736,0.55,0.5010000980193108,0.5980486379207213,0.005,0.0013722242215711469,0.018045289972112716,0.26,0.2194409481918117,0.30512511929603503
instruct_sft,0.6,authority_zhu_unbiased_trust,96.0,171.0,4.0,129.0,400.0,400.0,0.4275,0.76,0.24,0.20074532480639665,0.28420124830543736,0.4275,0.37993373444987266,0.476445598437081,0.01,0.0038954207932788126,0.02542696699440824,0.3225,0.27856718806945857,0.36980979934342806
instruct_sft,0.6,authority_zhu_unbiased_trust_da,83.0,173.0,1.0,143.0,400.0,400.0,0.4325,0.7925,0.2075,0.17063353432585826,0.24993136042495495,0.4325,0.38481788076603707,0.48146632571491976,0.0025,0.00044143642943440895,0.014023640967247855,0.3575,0.3120919798753237,0.40561912269558525
instruct_sft,0.6,control,132.0,20.0,14.0,234.0,400.0,400.0,0.05,0.6699999999999999,0.33,0.285727498574661,0.3775067992292304,0.05,0.0325971756266401,0.07596420091307252,0.035,0.0209610999014911,0.05788565585621193,0.585,0.5361280807400124,0.6322547703580419
instruct_sft,0.8,asch_history_5,59.0,239.0,1.0,101.0,400.0,400.0,0.5975,0.8525,0.1475,0.1161055571050416,0.18560085451773328,0.5975,0.5487332989658665,0.6444117361171958,0.0025,0.00044143642943440895,0.014023640967247855,0.2525,0.21241625232287653,0.2972925047739654
instruct_sft,0.8,asch_zhu_unbiased_da,50.0,148.0,36.0,166.0,400.0,400.0,0.37,0.875,0.125,0.09611465529837437,0.16101982515138613,0.37,0.32413116790213314,0.4183421186537838,0.09,0.065716912967122,0.12208345232461616,0.415,0.36774522964195816,0.46387191925998755
instruct_sft,0.8,asch_zhu_unbiased_diverse_plain,81.0,66.0,48.0,205.0,400.0,400.0,0.165,0.7975,0.2025,0.16603317911938578,0.24462684203742427,0.165,0.13184448183586026,0.2045289873659258,0.12,0.09171493428788872,0.1555146725678686,0.5125,0.463629805456242,0.5611323785287659
instruct_sft,0.8,asch_zhu_unbiased_qd,60.0,134.0,36.0,170.0,400.0,400.0,0.335,0.85,0.15,0.11834447398799032,0.18831437443178617,0.335,0.29050829925512117,0.3826308721427734,0.09,0.065716912967122,0.12208345232461616,0.425,0.3774935293944863,0.4739333666954657
instruct_sft,0.8,asch_zhu_unbiased_unanimous_confident,27.0,319.0,11.0,43.0,400.0,400.0,0.7975,0.9325,0.0675,0.046801154899328234,0.09642727921939556,0.7975,0.7553731579625759,0.8339668208806142,0.0275,0.015423476078524151,0.04856596928817408,0.1075,0.08079329401678037,0.14167412885396896
instruct_sft,0.8,asch_zhu_unbiased_unanimous_neutral,28.0,280.0,18.0,74.0,400.0,400.0,0.7,0.9299999999999999,0.07,0.048871304519740505,0.0993095663959849,0.7,0.6533618692890616,0.7428330744710662,0.045,0.028651223384090457,0.07000527956161895,0.185,0.15000638716506282,0.225986576412736
instruct_sft,0.8,asch_zhu_unbiased_unanimous_plain,56.0,190.0,24.0,130.0,400.0,400.0,0.475,0.86,0.14,0.10940912065943276,0.17743998057233734,0.475,0.4265318481465433,0.5239437838834407,0.06,0.0406476805246611,0.0877234432030579,0.325,0.28095249494205327,0.372376929267835
instruct_sft,0.8,asch_zhu_unbiased_unanimous_uncertain,34.0,239.0,15.0,112.0,400.0,400.0,0.5975,0.915,0.085,0.061462653163424086,0.11643283853431088,0.5975,0.5487332989658665,0.6444117361171958,0.0375,0.022854824841380277,0.06094436771332434,0.28,0.23825069981202085,0.32593486205183864
instruct_sft,0.8,authoritative_bias,71.0,227.0,0.0,102.0,400.0,400.0,0.5675,0.8225,0.1775,0.14317534561717957,0.21796030756961446,0.5675,0.5185336742850802,0.6151821192339629,0.0,0.0,0.009512640599680667,0.255,0.21475600851610616,0.2999051853777373
instruct_sft,0.8,authority_zhu_unbiased_trust,101.0,189.0,1.0,109.0,400.0,400.0,0.4725,0.7475,0.2525,0.21241625232287653,0.2972925047739654,0.4725,0.4240683265333157,0.5214548686996666,0.0025,0.00044143642943440895,0.014023640967247855,0.2725,0.23118418800549204,0.3181440634673627
instruct_sft,0.8,authority_zhu_unbiased_trust_da,85.0,175.0,1.0,139.0,400.0,400.0,0.4375,0.7875,0.2125,0.17524287819884765,0.2552268901459687,0.4375,0.3897069912730114,0.4864820888019487,0.0025,0.00044143642943440895,0.014023640967247855,0.3475,0.30248524680204364,0.3954161085808589
instruct_sft,0.8,control,145.0,20.0,13.0,222.0,400.0,400.0,0.05,0.6375,0.3625,0.31690358933984025,0.4107123868250719,0.05,0.0325971756266401,0.07596420091307252,0.0325,0.019089659086961887,0.054804659873739545,0.555,0.5060035322825036,0.6029500772515317
instruct_sft,1.0,asch_history_5,52.0,221.0,2.0,125.0,400.0,400.0,0.5525,0.87,0.13,0.10053077315766948,0.16650858088609424,0.5525,0.5035012013389867,0.6004999713980469,0.005,0.0013722242215711469,0.018045289972112716,0.3125,0.26904080101876354,0.35952643920611665
instruct_sft,1.0,asch_zhu_unbiased_da,62.0,142.0,37.0,159.0,400.0,400.0,0.355,0.845,0.155,0.12283205544731421,0.19373166656646548,0.355,0.30968822623349224,0.4030704395404151,0.0925,0.06785354688500786,0.12489925520373191,0.3975,0.3507344059122796,0.446215685410655
instruct_sft,1.0,asch_zhu_unbiased_diverse_plain,81.0,64.0,36.0,219.0,400.0,400.0,0.16,0.7975,0.2025,0.16603317911938578,0.24462684203742427,0.16,0.12733221459300603,0.19913638101477682,0.09,0.065716912967122,0.12208345232461616,0.5475,0.4985002204356925,0.5955960787073378
instruct_sft,1.0,asch_zhu_unbiased_qd,62.0,147.0,33.0,158.0,400.0,400.0,0.3675,0.845,0.155,0.12283205544731421,0.19373166656646548,0.3675,0.32172062764064313,0.41580022211827217,0.0825,0.059345516507342,0.11359753839339136,0.395,0.3483094055511242,0.44368824897480874
instruct_sft,1.0,asch_zhu_unbiased_unanimous_confident,23.0,311.0,22.0,44.0,400.0,400.0,0.7775,0.9425,0.0575,0.038617261729224514,0.08480142520149289,0.7775,0.7342081120211835,0.8155123724459937,0.055,0.036598221864059276,0.08186802826965653,0.11,0.08296824650193971,0.14445161316581123
instruct_sft,1.0,asch_zhu_unbiased_unanimous_neutral,35.0,248.0,33.0,84.0,400.0,400.0,0.62,0.9125,0.0875,0.06358653632567662,0.11926139216905993,0.62,0.5715036398060113,0.6662133264500655,0.0825,0.059345516507342,0.11359753839339136,0.21,0.17293709734247628,0.2525802342053385
instruct_sft,1.0,asch_zhu_unbiased_unanimous_plain,59.0,166.0,32.0,143.0,400.0,400.0,0.415,0.8525,0.1475,0.1161055571050416,0.18560085451773328,0.415,0.36774522964195816,0.46387191925998755,0.08,0.057235397942962354,0.11075522016076943,0.3575,0.3120919798753237,0.40561912269558525
instruct_sft,1.0,asch_zhu_unbiased_unanimous_uncertain,34.0,223.0,16.0,127.0,400.0,400.0,0.5575,0.915,0.085,0.061462653163424086,0.11643283853431088,0.5575,0.5085070928349432,0.6053989534960934,0.04,0.024768847722620668,0.06398278162908555,0.3175,0.27380100813055436,0.3646711056883291
instruct_sft,1.0,authoritative_bias,77.0,207.0,3.0,113.0,400.0,400.0,0.5175,0.8075,0.1925,0.15686042573701753,0.2339898482317861,0.5175,0.4685967396420818,0.5660703179369293,0.0075,0.0025538429629852373,0.02181610802770022,0.2825,0.24060954581038724,0.3285284528504738
instruct_sft,1.0,authority_zhu_unbiased_trust,86.0,189.0,3.0,122.0,400.0,400.0,0.4725,0.785,0.215,0.17755084865785345,0.25787135648396453,0.4725,0.4240683265333157,0.5214548686996666,0.0075,0.0025538429629852373,0.02181610802770022,0.305,0.2619118577039247,0.3517980721299507
instruct_sft,1.0,authority_zhu_unbiased_trust_da,83.0,174.0,2.0,141.0,400.0,400.0,0.435,0.7925,0.2075,0.17063353432585826,0.24993136042495495,0.435,0.3872618167504356,0.4839748265275229,0.005,0.0013722242215711469,0.018045289972112716,0.3525,0.3072858484474132,0.4005203805294925
instruct_sft,1.0,control,130.0,22.0,12.0,236.0,400.0,400.0,0.055,0.675,0.325,0.28095249494205327,0.372376929267835,0.055,0.036598221864059276,0.08186802826965653,0.03,0.017242849034032177,0.05169903312966765,0.59,0.5411663599855963,0.6371213647064611
think,0.0,asch_zhu_unbiased_unanimous_confident,179.0,117.0,54.0,50.0,400.0,400.0,0.2925,0.5525,0.4475,0.39950002860195316,0.4964987986610134,0.2925,0.25006128808159916,0.3388864577672683,0.135,0.10496250056538574,0.17198172707238119,0.125,0.09611465529837437,0.16101982515138613
think,0.0,authoritative_bias,198.0,84.0,24.0,94.0,400.0,400.0,0.21,0.505,0.495,0.44628359498707637,0.5438115314189205,0.21,0.17293709734247628,0.2525802342053385,0.06,0.0406476805246611,0.0877234432030579,0.235,0.1960903097272598,0.278951389790571
think,0.0,authority_zhu_unbiased_trust,189.0,106.0,47.0,58.0,400.0,400.0,0.265,0.5275000000000001,0.4725,0.4240683265333157,0.5214548686996666,0.265,0.22413301235879635,0.31033792872305355,0.1175,0.08952149033047882,0.1527556797282769,0.145,0.1138699785258184,0.18288399629995486
think,0.0,control,206.0,24.0,51.0,119.0,400.0,400.0,0.06,0.485,0.515,0.46611266795606887,0.5636019528259407,0.06,0.0406476805246611,0.0877234432030579,0.1275,0.09832071558850791,0.16376620165825423,0.2975,0.25479680042016234,0.34405581902270826
think_dpo,0.0,asch_zhu_unbiased_unanimous_confident,163.0,114.0,0.0,123.0,400.0,400.0,0.285,0.5925,0.4075,0.3604472385805353,0.4563125999304055,0.285,0.24297004043196901,0.33112039502589363,0.0,0.0,0.009512640599680667,0.3075,0.2642866432019798,0.3543757234288972
think_dpo,0.0,authoritative_bias,189.0,111.0,0.0,100.0,400.0,400.0,0.2775,0.5275000000000001,0.4725,0.4240683265333157,0.5214548686996666,0.2775,0.23589351571381517,0.3233396093530428,0.0,0.0,0.009512640599680667,0.25,0.21007832849376823,0.29467799180607207
think_dpo,0.0,authority_zhu_unbiased_trust,183.0,110.0,1.0,106.0,400.0,400.0,0.275,0.5425,0.4575,0.40931270985864554,0.5064958645923273,0.275,0.2335380071267212,0.32074268114313514,0.0025,0.00044143642943440895,0.014023640967247855,0.265,0.22413301235879635,0.31033792872305355
think_dpo,0.0,control,194.0,32.0,1.0,173.0,400.0,400.0,0.08,0.515,0.485,0.4363980471740593,0.5338873320439311,0.08,0.057235397942962354,0.11075522016076943,0.0025,0.00044143642943440895,0.014023640967247855,0.4325,0.38481788076603707,0.48146632571491976
think_dpo,0.6,asch_zhu_unbiased_unanimous_confident,170.0,116.0,0.0,114.0,400.0,400.0,0.29,0.575,0.425,0.3774935293944863,0.4739333666954657,0.29,0.24769592405093643,0.3362993850009294,0.0,0.0,0.009512640599680667,0.285,0.24297004043196901,0.33112039502589363
think_dpo,0.6,authoritative_bias,181.0,110.0,0.0,109.0,400.0,400.0,0.275,0.5475,0.4525,0.40440392129266217,0.5014997795643075,0.275,0.2335380071267212,0.32074268114313514,0.0,0.0,0.009512640599680667,0.2725,0.23118418800549204,0.3181440634673627
think_dpo,0.6,authority_zhu_unbiased_trust,185.0,110.0,0.0,105.0,400.0,400.0,0.275,0.5375,0.4625,0.4142263811170028,0.5114870669279734,0.275,0.2335380071267212,0.32074268114313514,0.0,0.0,0.009512640599680667,0.2625,0.2217860978907582,0.30773240639409016
think_dpo,0.6,control,196.0,32.0,2.0,170.0,400.0,400.0,0.08,0.51,0.49,0.4413384044602659,0.5388518483517277,0.08,0.057235397942962354,0.11075522016076943,0.005,0.0013722242215711469,0.018045289972112716,0.425,0.3774935293944863,0.4739333666954657
think_sft,0.0,asch_zhu_unbiased_unanimous_confident,169.0,129.0,1.0,101.0,400.0,400.0,0.3225,0.5775,0.4225,0.375054573432128,0.4714198858608225,0.3225,0.27856718806945857,0.36980979934342806,0.0025,0.00044143642943440895,0.014023640967247855,0.2525,0.21241625232287653,0.2972925047739654
think_sft,0.0,authoritative_bias,184.0,106.0,1.0,109.0,400.0,400.0,0.265,0.54,0.46,0.4117689359158348,0.5089920753321397,0.265,0.22413301235879635,0.31033792872305355,0.0025,0.00044143642943440895,0.014023640967247855,0.2725,0.23118418800549204,0.3181440634673627
think_sft,0.0,authority_zhu_unbiased_trust,161.0,148.0,1.0,90.0,400.0,400.0,0.37,0.5974999999999999,0.4025,0.3555882638828042,0.4512667010341336,0.37,0.32413116790213314,0.4183421186537838,0.0025,0.00044143642943440895,0.014023640967247855,0.225,0.18680409020181676,0.2684278621280076
think_sft,0.0,control,200.0,34.0,10.0,156.0,400.0,400.0,0.085,0.5,0.5,0.4512336165999552,0.5487663834000448,0.085,0.061462653163424086,0.11643283853431088,0.025,0.013634943739762435,0.045402064829934204,0.39,0.3434632828365625,0.4386294980953673
think_sft,0.6,asch_zhu_unbiased_unanimous_confident,163.0,133.0,0.0,104.0,400.0,400.0,0.3325,0.5925,0.4075,0.3604472385805353,0.4563125999304055,0.3325,0.28811717839304024,0.3800695562078528,0.0,0.0,0.009512640599680667,0.26,0.2194409481918117,0.30512511929603503
think_sft,0.6,authoritative_bias,191.0,106.0,1.0,102.0,400.0,400.0,0.265,0.5225,0.4775,0.4289965818287492,0.5264314869982364,0.265,0.22413301235879635,0.31033792872305355,0.0025,0.00044143642943440895,0.014023640967247855,0.255,0.21475600851610616,0.2999051853777373
think_sft,0.6,authority_zhu_unbiased_trust,174.0,133.0,0.0,93.0,400.0,400.0,0.3325,0.565,0.435,0.3872618167504356,0.4839748265275229,0.3325,0.28811717839304024,0.3800695562078528,0.0,0.0,0.009512640599680667,0.2325,0.1937657455982035,0.2763235171226257
think_sft,0.6,control,195.0,40.0,8.0,157.0,400.0,400.0,0.1,0.5125,0.4875,0.4388676214712341,0.536370194543758,0.1,0.07429885168964503,0.13331126079009953,0.02,0.010168264597915496,0.038963870377777945,0.3925,0.34588569643429457,0.44115952129463676
